Position,Normalized_Position,Conc_P2D_t719.9000000000788s_(c_cmax),Conc_sP2D_t719.9000000000788s_(c_cmax),Conc_Error_t719.9000000000788s_(c_cmax),Stress_P2D_t719.9000000000788s_(sigma_E),Stress_sP2D_t719.9000000000788s_(sigma_E),Stress_Error_t719.9000000000788s_(sigma_E),ReactionCurrent_P2D_t719.9000000000788s_[A_m2],ReactionCurrent_sP2D_t719.9000000000788s_[A_m2],ReactionCurrent_Error_t719.9000000000788s_[A_m2],Overpotential_P2D_t719.9000000000788s_[V],Overpotential_sP2D_t719.9000000000788s_[V],Overpotential_Error_t719.9000000000788s_[V],Potential_P2D_t719.9000000000788s_[V],Potential_sP2D_t719.9000000000788s_[V],Potential_Error_t719.9000000000788s_[V],Current_t719.9000000000788s,Conc_P2D_t1439.8000000001575s_(c_cmax),Conc_sP2D_t1439.8000000001575s_(c_cmax),Conc_Error_t1439.8000000001575s_(c_cmax),Stress_P2D_t1439.8000000001575s_(sigma_E),Stress_sP2D_t1439.8000000001575s_(sigma_E),Stress_Error_t1439.8000000001575s_(sigma_E),ReactionCurrent_P2D_t1439.8000000001575s_[A_m2],ReactionCurrent_sP2D_t1439.8000000001575s_[A_m2],ReactionCurrent_Error_t1439.8000000001575s_[A_m2],Overpotential_P2D_t1439.8000000001575s_[V],Overpotential_sP2D_t1439.8000000001575s_[V],Overpotential_Error_t1439.8000000001575s_[V],Potential_P2D_t1439.8000000001575s_[V],Potential_sP2D_t1439.8000000001575s_[V],Potential_Error_t1439.8000000001575s_[V],Current_t1439.8000000001575s,Conc_P2D_t2159.7000000002363s_(c_cmax),Conc_sP2D_t2159.7000000002363s_(c_cmax),Conc_Error_t2159.7000000002363s_(c_cmax),Stress_P2D_t2159.7000000002363s_(sigma_E),Stress_sP2D_t2159.7000000002363s_(sigma_E),Stress_Error_t2159.7000000002363s_(sigma_E),ReactionCurrent_P2D_t2159.7000000002363s_[A_m2],ReactionCurrent_sP2D_t2159.7000000002363s_[A_m2],ReactionCurrent_Error_t2159.7000000002363s_[A_m2],Overpotential_P2D_t2159.7000000002363s_[V],Overpotential_sP2D_t2159.7000000002363s_[V],Overpotential_Error_t2159.7000000002363s_[V],Potential_P2D_t2159.7000000002363s_[V],Potential_sP2D_t2159.7000000002363s_[V],Potential_Error_t2159.7000000002363s_[V],Current_t2159.7000000002363s,Conc_P2D_t2879.6000000003146s_(c_cmax),Conc_sP2D_t2879.6000000003146s_(c_cmax),Conc_Error_t2879.6000000003146s_(c_cmax),Stress_P2D_t2879.6000000003146s_(sigma_E),Stress_sP2D_t2879.6000000003146s_(sigma_E),Stress_Error_t2879.6000000003146s_(sigma_E),ReactionCurrent_P2D_t2879.6000000003146s_[A_m2],ReactionCurrent_sP2D_t2879.6000000003146s_[A_m2],ReactionCurrent_Error_t2879.6000000003146s_[A_m2],Overpotential_P2D_t2879.6000000003146s_[V],Overpotential_sP2D_t2879.6000000003146s_[V],Overpotential_Error_t2879.6000000003146s_[V],Potential_P2D_t2879.6000000003146s_[V],Potential_sP2D_t2879.6000000003146s_[V],Potential_Error_t2879.6000000003146s_[V],Current_t2879.6000000003146s,Conc_P2D_t3599.5000000003934s_(c_cmax),Conc_sP2D_t3599.5000000003934s_(c_cmax),Conc_Error_t3599.5000000003934s_(c_cmax),Stress_P2D_t3599.5000000003934s_(sigma_E),Stress_sP2D_t3599.5000000003934s_(sigma_E),Stress_Error_t3599.5000000003934s_(sigma_E),ReactionCurrent_P2D_t3599.5000000003934s_[A_m2],ReactionCurrent_sP2D_t3599.5000000003934s_[A_m2],ReactionCurrent_Error_t3599.5000000003934s_[A_m2],Overpotential_P2D_t3599.5000000003934s_[V],Overpotential_sP2D_t3599.5000000003934s_[V],Overpotential_Error_t3599.5000000003934s_[V],Potential_P2D_t3599.5000000003934s_[V],Potential_sP2D_t3599.5000000003934s_[V],Potential_Error_t3599.5000000003934s_[V],Current_t3599.5000000003934s,Conc_P2D_t4319.400000000472s_(c_cmax),Conc_sP2D_t4319.400000000472s_(c_cmax),Conc_Error_t4319.400000000472s_(c_cmax),Stress_P2D_t4319.400000000472s_(sigma_E),Stress_sP2D_t4319.400000000472s_(sigma_E),Stress_Error_t4319.400000000472s_(sigma_E),ReactionCurrent_P2D_t4319.400000000472s_[A_m2],ReactionCurrent_sP2D_t4319.400000000472s_[A_m2],ReactionCurrent_Error_t4319.400000000472s_[A_m2],Overpotential_P2D_t4319.400000000472s_[V],Overpotential_sP2D_t4319.400000000472s_[V],Overpotential_Error_t4319.400000000472s_[V],Potential_P2D_t4319.400000000472s_[V],Potential_sP2D_t4319.400000000472s_[V],Potential_Error_t4319.400000000472s_[V],Current_t4319.400000000472s,Conc_P2D_t5039.30000000055s_(c_cmax),Conc_sP2D_t5039.30000000055s_(c_cmax),Conc_Error_t5039.30000000055s_(c_cmax),Stress_P2D_t5039.30000000055s_(sigma_E),Stress_sP2D_t5039.30000000055s_(sigma_E),Stress_Error_t5039.30000000055s_(sigma_E),ReactionCurrent_P2D_t5039.30000000055s_[A_m2],ReactionCurrent_sP2D_t5039.30000000055s_[A_m2],ReactionCurrent_Error_t5039.30000000055s_[A_m2],Overpotential_P2D_t5039.30000000055s_[V],Overpotential_sP2D_t5039.30000000055s_[V],Overpotential_Error_t5039.30000000055s_[V],Potential_P2D_t5039.30000000055s_[V],Potential_sP2D_t5039.30000000055s_[V],Potential_Error_t5039.30000000055s_[V],Current_t5039.30000000055s,Conc_P2D_t5759.200000000629s_(c_cmax),Conc_sP2D_t5759.200000000629s_(c_cmax),Conc_Error_t5759.200000000629s_(c_cmax),Stress_P2D_t5759.200000000629s_(sigma_E),Stress_sP2D_t5759.200000000629s_(sigma_E),Stress_Error_t5759.200000000629s_(sigma_E),ReactionCurrent_P2D_t5759.200000000629s_[A_m2],ReactionCurrent_sP2D_t5759.200000000629s_[A_m2],ReactionCurrent_Error_t5759.200000000629s_[A_m2],Overpotential_P2D_t5759.200000000629s_[V],Overpotential_sP2D_t5759.200000000629s_[V],Overpotential_Error_t5759.200000000629s_[V],Potential_P2D_t5759.200000000629s_[V],Potential_sP2D_t5759.200000000629s_[V],Potential_Error_t5759.200000000629s_[V],Current_t5759.200000000629s,Conc_P2D_t6479.100000000708s_(c_cmax),Conc_sP2D_t6479.100000000708s_(c_cmax),Conc_Error_t6479.100000000708s_(c_cmax),Stress_P2D_t6479.100000000708s_(sigma_E),Stress_sP2D_t6479.100000000708s_(sigma_E),Stress_Error_t6479.100000000708s_(sigma_E),ReactionCurrent_P2D_t6479.100000000708s_[A_m2],ReactionCurrent_sP2D_t6479.100000000708s_[A_m2],ReactionCurrent_Error_t6479.100000000708s_[A_m2],Overpotential_P2D_t6479.100000000708s_[V],Overpotential_sP2D_t6479.100000000708s_[V],Overpotential_Error_t6479.100000000708s_[V],Potential_P2D_t6479.100000000708s_[V],Potential_sP2D_t6479.100000000708s_[V],Potential_Error_t6479.100000000708s_[V],Current_t6479.100000000708s,Conc_P2D_t7199.000000000787s_(c_cmax),Conc_sP2D_t7199.000000000787s_(c_cmax),Conc_Error_t7199.000000000787s_(c_cmax),Stress_P2D_t7199.000000000787s_(sigma_E),Stress_sP2D_t7199.000000000787s_(sigma_E),Stress_Error_t7199.000000000787s_(sigma_E),ReactionCurrent_P2D_t7199.000000000787s_[A_m2],ReactionCurrent_sP2D_t7199.000000000787s_[A_m2],ReactionCurrent_Error_t7199.000000000787s_[A_m2],Overpotential_P2D_t7199.000000000787s_[V],Overpotential_sP2D_t7199.000000000787s_[V],Overpotential_Error_t7199.000000000787s_[V],Potential_P2D_t7199.000000000787s_[V],Potential_sP2D_t7199.000000000787s_[V],Potential_Error_t7199.000000000787s_[V],Current_t7199.000000000787s
0.5988200589970502,0.5625,0.5209451654867712,0.5210552871113107,0.02113881303353619,0.00020727154883699297,0.00020748648296083316,0.10369687737955019,-0.39859802832693325,-0.3944659716550759,1.0366475441941216,-0.013290006023988674,-0.013146538296230673,1.0795158971263026,4.127893841412515,4.127707930880206,0.0045037624379795525,3.277167365321862,0.5366883881403507,0.5366854774336165,0.0005423457631120978,-0.0001276224015933695,-0.00012839073208745065,0.6020341918726692,0.317441070946272,0.3157651510425799,0.5279467772384584,0.010645520809120993,0.01057860550142061,0.6285771161430711,4.101951421109334,4.101956073909605,0.0001134289462167559,-2.892204190240025,0.618504782694814,0.6187795075640806,0.044417582038676545,0.00025110825708503273,0.0002523914187745163,0.5109994009671468,-0.9230914976118846,-0.9220991755551419,0.1074998588233054,-0.030231955016422514,-0.030160079730772595,0.23774607236242423,3.999502720640521,3.999238804733977,0.00659871801517418,4.342387954162492,0.6691869148938704,0.6694054234643844,0.0326528456625052,0.00010521504628649851,0.00010509790375123028,0.11133629590320318,0.7609953094358255,0.7726442828308072,1.5307549534855676,0.026103715502025174,0.026420201243614543,1.2124164529942665,3.955153217068073,3.9549788467575127,0.004408686616939557,1.5284506254241343,0.6855733344673683,0.6856814458122836,0.015769479278139965,-6.761833418955314e-5,-6.811776205336222e-5,0.7385982955585,-1.5799018442886474,-1.6010433551264232,1.3381534374557744,-0.04936169520797422,-0.0497725281858061,0.8322910631430585,3.942565457886303,3.9424860486924445,0.00201415029647498,-0.6784455827460062,0.7789979613814806,0.7795498028936173,0.07083991736744466,0.00019408557629722257,0.0001952359292217176,0.5927039744227938,-1.0785351570163264,-1.085241796816635,0.6218285752373568,-0.03970816368231913,-0.03983088137999141,0.30904903750793433,3.902543705176867,3.902485691660331,0.0014865564851726583,3.225641067124227,0.8019736370047627,0.8025812593526935,0.07576587557170189,-0.00011600532048403942,-0.0001169442778086395,0.8094088449410982,0.9172787217206362,0.9246836330653203,0.8072694993724434,0.035799661237848376,0.03596524843135042,0.46253843689162977,3.9010350238622777,3.901010753195805,0.0006221596659381619,-2.5048122351285373,0.8794880104241175,0.8801109789738554,0.07083309179365076,0.0002161019460342947,0.00021640489784666267,0.14018930320965128,-1.4520366921878203,-1.4535294152482292,0.10280202066793545,-0.060296960652084154,-0.06024515260084827,0.08592149699686939,3.889002386853463,3.8887820602485594,0.0056653759238738536,4.685469943821139,0.924737042631116,0.9250301718326762,0.03169865464956261,8.152927057291975e-5,8.128407199315859e-5,0.3007491395889019,-0.4064579760582262,-0.40501835823938703,0.35418614066831305,-0.02495639086132582,-0.0247983019767808,0.6334605248950755,3.866143313936845,3.86591925403809,0.005795436965499131,1.559567589493191,0.938492619522456,0.9387168786019284,0.02389566788352,-5.674245259464946e-5,-5.677839439062131e-5,0.06334198528322861,0.2920646139023751,0.292070216822792,0.001918383861036867,0.01996773858552246,0.01989615987008425,0.3584718175853214,3.8530799964810285,3.8528120033315645,0.006955296793961546,-0.9069058602180076
0.6389380530973452,0.6062500000000001,0.5201087768720483,0.5202158622898557,0.020589042632865644,0.00020498887301850983,0.0002052014967890503,0.10372454241516817,-0.416265658925893,-0.4124088064863967,0.9265363012284717,-0.01386455469414603,-0.013730064393763307,0.9700297149789341,4.1293073991892015,4.129126267571337,0.00438648907320776,3.277167365321862,0.5369308402145181,0.5369326806734649,0.0003427739308222398,-0.00012125895501099133,-0.00012198210929579525,0.596371859495543,0.31293842290111273,0.31142251102717877,0.48441219198352753,0.010496960764395996,0.010435464547535295,0.5858478300622594,4.101564076989234,4.1015611383099895,7.164777118372063e-5,-2.892204190240025,0.6171360617467508,0.6173989203157552,0.04259329267849328,0.00024313452950651277,0.00024433700286010773,0.494571197285555,-0.9138465003587889,-0.9130186126136127,0.09059374247766226,-0.029941151187562107,-0.029874179058635677,0.22367920494069543,4.0008226335066865,4.0005684900734195,0.006352279432199254,4.342387954162492,0.6680608602142927,0.6682744242583377,0.03196775275482241,0.0001052084924936694,0.00010510534715863505,0.09803898201520814,0.7014072548818728,0.7120943240643135,1.5236610554078922,0.02418379725073362,0.024478577738514282,1.2189172970829418,3.9560543203606358,3.9558830989972193,0.004328084236234619,1.5284506254241343,0.6853752618188276,0.6854871166709684,0.01632023482201382,-6.36612532070283e-5,-6.412576560076483e-5,0.729662660309126,-1.490383916598287,-1.5095127962853674,1.2834867227191273,-0.04715314065764153,-0.047533046021430485,0.8056841145477137,3.9427110815358897,3.9426288237464178,0.002086325570674661,-0.6784455827460062,0.7762124722846051,0.7767278064071901,0.06639085830046085,0.00018719817022711682,0.0001882449517891715,0.5591836505584828,-1.0383348874246512,-1.044432329122962,0.587232671477901,-0.03831084497624742,-0.038416887368302025,0.27679470948852886,3.902859360530783,3.90279800936878,0.0015719542093449316,3.225641067124227,0.7987680034765982,0.7993365523930938,0.07117822872486414,-0.00011095264577541822,-0.00011182518268450898,0.7864047792577002,0.8772156218977842,0.8841517923165395,0.7907030205127258,0.03425643290914775,0.03440876055211814,0.4446687236069719,3.9011691180949133,3.9011444430743722,0.0006325032264454252,-2.5048122351285373,0.8755516280144374,0.8761810678073423,0.07189065416191347,0.0002129851750540512,0.00021329961908817414,0.1476365827072854,-1.4322639635529042,-1.4338548180236812,0.11107271503436394,-0.05913433279738311,-0.05908388070979412,0.0853177590789081,3.8903457216383686,3.8901366165246145,0.005374975097739824,4.685469943821139,0.922874340418095,0.9231852941157289,0.03369404522537973,8.385194904689825e-5,8.360550506974053e-5,0.2939036956909371,-0.420562034146518,-0.4191293198048762,0.34066659025684526,-0.02549159867316547,-0.025335171887843615,0.6136405461557868,3.8675260605468793,3.867299998944872,0.005845121622144795,1.559567589493191,0.9384814932689932,0.9387153076684376,0.024914119364242808,-5.502941464127612e-5,-5.5077829183277935e-5,0.08797938760101268,0.28455861486424044,0.284645856991602,0.030658754577918966,0.019476495267245413,0.019413189450719813,0.3250370031001663,3.853093235013148,3.8528138881683844,0.007249937328924817,-0.9069058602180076
0.6790560471976401,0.65,0.5193672225635453,0.519466630566729,0.019140215028026993,0.0002029489520316996,0.0002031522162890496,0.10015536188540974,-0.4316323440888418,-0.428483174494768,0.7295953691147881,-0.014362860912554827,-0.014251331259470151,0.77651419006074,4.130562878721321,4.130394461140895,0.004077351813074821,3.277167365321862,0.5371387312058482,0.537151905217266,0.0024526273479079323,-0.00011566614139922893,-0.00011628252940295811,0.5329027114353915,0.3085880323673367,0.3074315223180913,0.374774757262362,0.010353294724002567,0.010303825078280439,0.47781548812128827,4.10123229047349,4.101211275878086,0.0005123971020388402,-2.892204190240025,0.6159396306912163,0.6161767466184294,0.03849661807716434,0.00023617510828599698,0.00023719385951573755,0.43135419186805257,-0.9052023224949475,-0.9047085366711525,0.05454977429068153,-0.029670112260774265,-0.029612888370051833,0.1928671190034069,4.001983425741855,4.00175284337638,0.005761702159783079,4.342387954162492,0.6670665021475422,0.6672695042918585,0.030432069915488608,0.00010517441130841501,0.00010510169534722565,0.06913845324613317,0.6500167467464844,0.6587508028283523,1.3436663171501873,0.02250470649729723,0.02274340921197223,1.0606790837448505,3.9568534870359144,3.956690073782738,0.004129878796666591,1.5284506254241343,0.6851955631888137,0.6853165204723545,0.017652957788847776,-6.0190842281188655e-5,-6.0580742283028086e-5,0.6477729619033529,-1.4145617713839937,-1.4299361776149284,1.0868670808127732,-0.04522729421270452,-0.04552708182580386,0.6628466688487555,3.942843349273972,3.9427543023684852,0.0022584439095965753,-0.6784455827460062,0.7738203827147809,0.7742741284015919,0.05863708128482401,0.00018128100019014823,0.00018213809300004761,0.4727979264238202,-1.003863723123351,-1.0088625429133826,0.4979580071365382,-0.037104767183148424,-0.037176665417756785,0.1937708819286562,3.903162550652269,3.9031026617140014,0.0015343695654613588,3.225641067124227,0.7960185510454556,0.7965166700001024,0.06257629975992274,-0.00010650951110981413,-0.00010723970736916729,0.685569064907552,0.8418423275281096,0.8476770602392724,0.6930909174281124,0.03289339123369714,0.03300851601631362,0.34999365616805694,3.901295541329091,3.9012716676897985,0.0006119413164078735,-2.5048122351285373,0.871935412761817,0.8725298273870155,0.06817186416545575,0.00021003038873081823,0.0002103441135517565,0.1493711566378822,-1.413519112603444,-1.4152034051721967,0.1191559812481359,-0.05807023171994478,-0.05801563337507597,0.09402122783343006,3.891504504690602,3.8913190392795514,0.0047659050844510034,4.685469943821139,0.9211222076070467,0.9214461118708335,0.03516409235515796,8.599048513077647e-5,8.576959196288942e-5,0.2568809415961746,-0.43350656006059257,-0.4322383187182532,0.2925541293220837,-0.02596790011121126,-0.025821212764849645,0.564879507905554,3.868766393485202,3.8685412500071834,0.005819515967618221,1.559567589493191,0.9384467230111603,0.938694542958293,0.026407460440329808,-5.3450806502850314e-5,-5.350585940997657e-5,0.10299733666941117,0.27755354624398915,0.27771121974168694,0.05680831674879433,0.019013205943905917,0.018957933987486682,0.29070298077190004,3.853134570616021,3.852838793727642,0.007676266763026873,-0.9069058602180076
0.719174041297935,0.69375,0.5187188804125608,0.5188069410078714,0.016976554861584454,0.00020115320194675267,0.00020134001292422025,0.0928699994131997,-0.4448328484848153,-0.4426825572002775,0.4833930973987436,-0.014789843026173193,-0.014710588065411619,0.5358742524942162,4.131662157675237,4.131512763347928,0.0036158408313094587,3.277167365321862,0.5373150634285854,0.5373438845318914,0.005363911281797372,-0.00011081434679966205,-0.00011128004001325164,0.4202463192166818,0.30451449710526907,0.3038315661329142,0.22426878813549675,0.010218665210884364,0.010185011726608012,0.32933346559299753,4.100951119451565,4.1009051845267095,0.0011201041787099214,-2.892204190240025,0.6149065718187229,0.6151085141557326,0.032841141445679234,0.0002301750105922074,0.00023094021287273055,0.33244368211579384,-0.8973126278815433,-0.8972349183017466,0.00866025701434246,-0.029423261811600557,-0.029378123092942035,0.1534116745707816,4.002991124014443,4.002793738995024,0.004930938223541866,4.342387954162492,0.6662001157339763,0.6663882216603734,0.02823564901213221,0.0001051229353325635,0.00010509016257020152,0.031175653779362305,0.6061339721248268,0.6122864507869985,1.015036105071617,0.021054599787379297,0.021214021632353103,0.7571829746646046,3.95755239987011,3.9574004512087413,0.003839460505280814,1.5284506254241343,0.6850352918883459,0.6851685760711312,0.019456542511546653,-5.718550380915788e-5,-5.747314149856953e-5,0.5029905662308555,-1.3508289344144007,-1.3614458733503652,0.7859573233502771,-0.04356825513513378,-0.04375535863629957,0.4294491495825562,3.9429614392920485,3.9428632256112905,0.002490860797653203,-0.6784455827460062,0.7717855832044713,0.7721624279091616,0.048827642403680316,0.00017624902092047234,0.00017686292960596866,0.3483189196116593,-0.9746048866618438,-0.9782042919102868,0.3693194337216494,-0.03607529926057796,-0.03610182943978783,0.07354112025028813,3.90344531109622,3.903391163721608,0.0013871687777498685,3.225641067124227,0.7936918085395146,0.7941015870230752,0.05162942078420186,-0.00010263748038651313,-0.00010317130147530375,0.5201034619910281,0.8109856307650558,0.8152727159695794,0.5286265307166171,0.03170414655797642,0.03176489825016425,0.19162065150291246,3.9014137514041067,3.9013920748348023,0.0005556080612215532,-2.5048122351285373,0.8686810519639768,0.869205058278096,0.06032206100668192,0.00020725490014665687,0.00020754810474996554,0.14147052885176178,-1.395908966914193,-1.397612395403109,0.12203005563332159,-0.05710675621151092,-0.057041891728261365,0.11358460461195238,3.8924845790334075,3.8923308279863704,0.003949946208271327,4.685469943821139,0.9195097900008444,0.9198396192739393,0.035870120871098164,8.791975648573215e-5,8.774826530164825e-5,0.1950542073120247,-0.445151042425089,-0.4441856612043787,0.21686599124897762,-0.026384416530693976,-0.02625389493549047,0.49469199006794556,3.8698608315626184,3.8696404246093157,0.005695474925224179,1.559567589493191,0.9383957517769114,0.9386600763816488,0.028167711142867972,-5.202100440791373e-5,-5.2076406277658774e-5,0.10649903894708153,0.2711403424951853,0.2713482885478707,0.07669314376891849,0.018585390437672714,0.01853699473784757,0.2603964656402753,3.8531950714477716,3.8528800924923416,0.008174487654777124,-0.9069058602180076
0.7592920353982301,0.7375,0.518162369654148,0.5182362430780308,0.014256809874515355,0.00019960275669844458,0.00019976623773527427,0.08190319589457112,-0.45598427705267164,-0.4550010586507082,0.2156255054052755,-0.015149751682514812,-0.015108072227843451,0.2751164213434949,4.132606879475134,4.132481414157155,0.003035984830825683,3.277167365321862,0.5374623760349987,0.5375092201878104,0.008715801310100108,-0.00010667824263861497,-0.0001069643573877715,0.26820347062313776,0.3008202799387096,0.30065498897677867,0.05494674825932132,0.010096488525400918,0.010080116425064425,0.1621563803623803,4.100716397597353,4.1006417917215,0.0018193376136910423,-2.892204190240025,0.614029395711654,0.614190336344098,0.0262105745373079,0.00022508762039641966,0.000225557188270433,0.20861559297945761,-0.8903007213880272,-0.8906536030783996,0.03963623547583291,-0.02920419119989308,-0.029171525711211566,0.11185205732262389,4.003850792834783,4.003692783810038,0.003946426400982718,4.342387954162492,0.665458592613677,0.6656284829808542,0.025529817942528392,0.00010506262877195854,0.00010507372642244535,0.010562890550647202,0.5692114211253804,0.5724421770888086,0.5675845289682999,0.019823381619946134,0.019889808693698597,0.33509456169488716,3.958152480978242,3.958014843197816,0.003477323854684906,1.5284506254241343,0.6848953384732264,0.6850423285435419,0.021461683568055886,-5.462712529721263e-5,-5.479493424442393e-5,0.30718978217926324,-1.2979274687210296,-1.303333154239166,0.41648594766725233,-0.04216265053203676,-0.04221852011669048,0.1325096594941761,3.9430646529272058,3.942956252283693,0.0027491469974277967,-0.6784455827460062,0.7700792093366123,0.7703710212293426,0.03789375030416569,0.00017203209401833716,0.0001723745681709788,0.19907573327866487,-0.9501286938874045,-0.9521724798802573,0.21510622781959893,-0.03521004264729772,-0.03518491890868886,0.0713538999669025,3.903700904245852,3.903655970183536,0.0011510631428612475,3.225641067124227,0.7917546225575756,0.7920678829766007,0.03956534134442011,-9.931568181366262e-5,-9.961857239160325e-5,0.30497759508807054,0.7845385881460125,0.7869990565236773,0.31361980339032824,0.030684604941771512,0.030679922206695857,0.015260861544548716,3.901521771536863,3.9015036521832376,0.00046441759617205504,-2.5048122351285373,0.8658228290459697,0.8662486646637452,0.04918276620687467,0.00020470100712760805,0.0002049484168612145,0.12086395522823516,-1.3796911727282721,-1.381282452347204,0.11533592809651952,-0.05624996647596107,-0.056168319107773576,0.14515096328525692,3.8932955664731708,3.8931777154448355,0.0030270249541325916,4.685469943821139,0.9180639437602152,0.9183912397953493,0.03565067960229524,8.961908543786399e-5,8.951623288627826e-5,0.11476634813132837,-0.45538170599883526,-0.454829634548689,0.1212326808200005,-0.026741211813612786,-0.0266314032958728,0.410634037475022,3.870807100511229,3.8705956599387723,0.005462441474506769,1.559567589493191,0.9383356928530571,0.9386172789743792,0.030009102655569084,-5.075434283618044e-5,-5.080338860448911e-5,0.09663363875476694,0.26540751358397996,0.2656380310461466,0.0868541583671797,0.018200277876704512,0.018156829518268924,0.23872359933141502,3.8532662135494324,3.852931300390992,0.008691669349571626,-0.9069058602180076
0.7994100294985251,0.78125,0.5176965320838526,0.5177540774999037,0.011115665739432437,0.0001982985146789548,0.00019843216656725927,0.06739933908272,-0.4651867487601257,-0.4654334664801083,0.05303627427912857,-0.015446201104511137,-0.015444002511063893,0.014233878170875888,4.133398456704526,4.1333006347394985,0.002366623156525413,3.277167365321862,0.5375827847560448,0.5376483970978502,0.012205067510695932,-0.00010323651644563375,-0.0001033267796844431,0.08743344110887992,0.2975884888447542,0.29792792083102826,0.1140608588698262,0.009989543080892272,0.009990024148074855,0.0048157075722780425,4.100524662602766,4.100420228902294,0.0025468375162784602,-2.892204190240025,0.6133018989839036,0.6134188941744242,0.019076280493242528,0.000220874019513212,0.0002210287121722588,0.07003660248848351,-0.8842644818723698,-0.8850111340711199,0.08443765570783139,-0.029015783652994828,-0.028994480931092793,0.07341770312599076,4.004566628993416,4.004451332208191,0.002879132647966666,4.342387954162492,0.6648393683901201,0.6649885179986573,0.02243393150714578,0.00010500062469069796,0.00010505506616055039,0.0518487104365271,0.5388169342378488,0.5390155546020402,0.036862309175996574,0.018802568341888,0.018770238036739297,0.17194621798915188,3.958654915839361,3.9585337871631054,0.0030598442862702336,1.5284506254241343,0.6847764437666223,0.6849369443788705,0.023438395655876264,-5.250069851729941e-5,-5.253943834630226e-5,0.07378916870998688,-1.254876313821174,-1.2550258055252057,0.011912863633265708,-0.04099937721229802,-0.04091713132979084,0.20060276057683601,3.9431524046394766,3.9430339600530715,0.003003804424747207,-0.6784455827460062,0.7686783671424201,0.7688822702712734,0.026526456001531154,0.0001685733294222749,0.00016863555532268062,0.03691325348973026,-0.9300847995340988,-0.9305269530658807,0.04753905579398588,-0.03449872012561727,-0.03441952664392517,0.229554839726635,3.9039237929482624,3.903890603271066,0.000850162015362461,3.225641067124227,0.7901767813143235,0.790391973818532,0.027233463358744,-9.653323661125184e-5,-9.658819597243272e-5,0.05693309694173601,0.7624286683513817,0.7629309149579595,0.06587456996650556,0.029831986366454694,0.029756238941313684,0.2539134478359318,3.9016171670464246,3.901603736087054,0.0003442408313120152,-2.5048122351285373,0.8633875801641222,0.8636956464233843,0.035681108500945934,0.00020242505814478478,0.00020259995897093606,0.0864027545572843,-1.3652167147654812,-1.3665338243932317,0.09647623073357263,-0.0555084847877586,-0.0554036958102548,0.188780107950111,3.893949400235215,3.893868585526434,0.002075391857328227,4.685469943821139,0.9168086310382584,0.917124124084424,0.03441209380940714,9.107164010841934e-5,9.105113340887982e-5,0.022517107976871863,-0.46410761207287576,-0.46404679865945647,0.013103300147928314,-0.02703889166824691,-0.026952446393966357,0.31970716603769306,3.871603755565957,3.8714056223634543,0.005117600224910945,1.559567589493191,0.9382731568094249,0.9385712402979354,0.03176937188782897,-4.9664509348458665e-5,-4.970016993669976e-5,0.07180296092505244,0.26043818642395905,0.2606575115846908,0.08421390263205152,0.017864584627326766,0.017823534740794636,0.2297836047603249,3.8533401231197786,3.85298629580393,0.009182353608647859,-0.9069058602180076
0.8395280235988201,0.825,0.5173204168707876,0.5173600684307391,0.007664797030708121,0.00019724117605178976,0.00019733895296020882,0.04957225989840482,-0.47252382083344086,-0.4739753004624995,0.30717596977408285,-0.015682192248888605,-0.015718573320976474,0.2319897085208048,4.134038073259944,4.133970621676781,0.0016316149480974024,3.277167365321862,0.5376780153736922,0.5377617980449667,0.015582312997544222,-0.00010047163816567496,-0.00010036010377147081,0.11101082478642994,0.2948852536892753,0.2956710575618352,0.266477846121088,0.009900045146025292,0.009915437945351538,0.15548211244698482,4.100373096642215,4.1002398066066235,0.00325068066857324,-2.892204190240025,0.6127190468325925,0.6127914176938126,0.011811426720656888,0.00021750241323987115,0.00021734140695711204,0.07402505579629542,-0.8792802727115224,-0.8803454568561456,0.12114273203678125,-0.02886031261900117,-0.02884812926372463,0.0422149109657199,4.005142039002749,4.005070499466456,0.0017861922397874107,4.342387954162492,0.6643403663671622,0.6644668593915827,0.019040394175078898,0.00010494273859295227,0.00010503651433520545,0.08935896233555542,0.5146136406110514,0.5118510530538627,0.536827503038674,0.017985182871149523,0.017854853562362324,0.7246482269372062,3.959060672817941,3.9589577436036048,0.0025998392760908954,1.5284506254241343,0.6846792108077683,0.6848517109612704,0.025194302788689636,-5.0794024040700313e-5,-5.070118592225788e-5,0.18277370260730083,-1.2209186980227087,-1.2160695062284625,0.397175651589206,-0.04006939889787414,-0.03985167851655345,0.543358241723576,3.943224215252485,3.943096845474429,0.0032300922063598107,-0.6784455827460062,0.767565149634615,0.7676820634407941,0.015231776251804798,0.000165827501759713,0.00016561544152970302,0.12788001251882486,-0.9141937669696184,-0.9130711193973979,0.1228019280794089,-0.03393301914047129,-0.03380032359998752,0.3910513825323236,3.9041095499214857,3.904089676501826,0.0005090384735771344,3.225641067124227,0.7889323709186638,0.7890521768949146,0.015185836031968622,-9.42846494492353e-5,-9.409015499446247e-5,0.20628432720381035,0.7446017490020297,0.7431399110919259,0.19632480209226671,0.029144274441984704,0.02899651922492178,0.5069785400115131,3.901697589144533,3.901689636944866,0.00020381383963046992,-2.5048122351285373,0.8613952710959218,0.8615738454158967,0.020730821954434195,0.00020048742333145125,0.00020056583422971186,0.03911013317327683,-1.35287058907057,-1.3537500375392872,0.06500610448790478,-0.05489198493123209,-0.05475848125370871,0.2432116049194237,3.894458726865196,3.8944140166804577,0.0011480461823779693,4.685469943821139,0.915764480567758,0.9160585915070509,0.03211643883703986,9.226395610437832e-5,9.233371898967026e-5,0.07561228483744899,-0.4712572215629706,-0.4717321617665494,0.10078152266900317,-0.02727830249251294,-0.02721610689177753,0.22800392638977854,3.8722498966617422,3.87206935823815,0.004662364992193982,1.559567589493191,0.9382140699237408,0.9385266036472721,0.03331155794292797,-4.876397936959044e-5,-4.877903156668664e-5,0.030867450299977138,0.2563072672209485,0.256477114011555,0.06626686494225799,0.017584306229371714,0.017542638904058848,0.23695745950594946,3.853409801109592,3.853039527066357,0.009608997286723936,-0.9069058602180076
0.879646017699115,0.8687499999999999,0.517033268419378,0.5170539170333958,0.003993672221685542,0.00019643127126046226,0.0001964875904073937,0.028671171636804636,-0.4780627944798133,-0.4806228510273263,0.5355063345388852,-0.0158601313346288,-0.015931950025082197,0.4528253199050701,4.134526686257232,4.134491542210526,0.0008500137832583656,3.277167365321862,0.537749431162743,0.53784971685518,0.018649148957756816,-9.836966367911806e-5,-9.805854938526698e-5,0.3162705677900207,0.2927616796028453,0.29390034372830415,0.38893892363355426,0.009829711198486121,0.009856900949212856,0.2766078288334874,4.100259477780128,4.100099992605465,0.003889636144429499,-2.892204190240025,0.6122768785352622,0.6123056683630639,0.004702092927387265,0.00021494765663440579,0.0002144844893617624,0.21547909844449242,-0.8754060963957486,-0.8766866243757205,0.14627816567009821,-0.028739521544470042,-0.02873338202329895,0.02136264224716189,4.005579703270996,4.005551176558583,0.0007121743798885814,4.342387954162492,0.6639599544480796,0.6640623267563993,0.015418446193003066,0.00010489356154164353,0.00010502002057635577,0.12055938691912226,0.4963451432896191,0.49083206827925857,1.1107341503981687,0.01736567435848537,0.01714328005265665,1.2806545904164812,3.9593705173519997,3.959287091414808,0.002107050522960129,1.5284506254241343,0.6846041148577282,0.6847860387480458,0.026573589957953565,-4.949748452835091e-5,-4.927582229334931e-5,0.4478252523613369,-1.195483671874434,-1.1861125157379264,0.7838798937181809,-0.039365587986211474,-0.03902256551115304,0.8713764803375613,3.9432797054450934,3.943145320596159,0.0034079461507387073,-0.6784455827460062,0.7667258919101576,0.7667593926390319,0.00436932275638337,0.00016375968980312914,0.0001632902346542759,0.286673203532334,-0.9022394063453291,-0.89964931929409,0.2870731463316002,-0.03350643416878867,-0.03332303554088509,0.5473534634563437,3.9042547522203677,3.9042488703835265,0.00015065197366519878,3.225641067124227,0.7880003588741734,0.7880299293060383,0.00375259116723743,-9.256719089017381e-5,-9.213480646041781e-5,0.4671033285097744,0.7310153433009269,0.7276862881429264,0.4554015436896378,0.028619946211501525,0.02840311679299073,0.7576164431212532,3.901761038478071,3.9017589814848175,5.2719611304280566e-5,-2.5048122351285373,0.8598599820172715,0.8599043154787492,0.005155893099442602,0.00019894455953411769,0.0001989083829652683,0.018184246372004397,-1.343020197837113,-1.3433211438202726,0.022408150200884068,-0.05440983567349817,-0.05424332194838336,0.3060360742752872,3.894835459150272,3.894824773009532,0.0002743669367388797,4.685469943821139,0.9149484826665758,0.9152117101184271,0.028769647344962106,9.31855668205714e-5,9.334803083270722e-5,0.17434460901938098,-0.4767757248821299,-0.4777994476242703,0.21471788279352888,-0.027460324980182672,-0.027421738788528122,0.1405161507826167,3.872744974769375,3.8725861914590496,0.004100019788543599,1.559567589493191,0.9381634976162074,0.9384874092855533,0.034526142849183344,-4.806352145290152e-5,-4.805069585156972e-5,0.026684689228123056,0.25307893616111893,0.25315803624245886,0.031255102672620494,0.017364538165657077,0.017318919723582796,0.26271036775687545,3.853469317366034,3.8530861962372,0.009942238987275743,-0.9069058602180076
0.91976401179941,0.9125000000000001,0.5168345170199664,0.5168353962312326,0.00017011465706767942,0.00019586918338546623,0.00019587888175223616,0.004951451066628991,-0.4818549259597843,-0.4853732008665376,0.7301523170579691,-0.01598184404849795,-0.01608426494294435,0.6408578017379903,4.134865027130218,4.134863530174698,3.6203249917955666e-5,3.277167365321862,0.5377980546637837,0.5379123696914844,0.021256125177343307,-9.692007536987356e-5,-9.641769354241002e-5,0.5183465092720131,0.2912553749796462,0.29262754921631146,0.471124090589277,0.009779806746264774,0.00981481504835285,0.3579651724861245,4.1001821420341,4.100000393353184,0.00443269773439262,-2.892204190240025,0.6119724334476815,0.6119599231926247,0.002044251403007703,0.00021319087525765738,0.00021244967836775737,0.34766820531329934,-0.872684001082031,-0.8740573591677122,0.15737175013846527,-0.02865468478348912,-0.028650933331513147,0.013091932451252635,4.005881625291295,4.005894041985812,0.0003099615934385392,4.342387954162492,0.6636969126243383,0.6637740142266175,0.01161698974527111,0.00010485653278617179,0.0001050071250877944,0.14361747200788091,0.48382467771589754,0.47587444139080526,1.6432060395564763,0.01693985516371389,0.016635223728456792,1.7983119236440395,3.959585024726039,3.9595221272811614,0.0015884857752765085,1.5284506254241343,0.6845515115281873,0.6847394644274055,0.027456355884550178,-4.860387458685693e-5,-4.826003090476167e-5,0.7074408882378314,-1.1781583954959836,-1.164893526691638,1.1258985935215655,-0.0388826055957539,-0.038430111081886605,1.1637453481685074,3.943318590250783,3.9431797104425645,0.0035219017951486505,-0.6784455827460062,0.7661506201333186,0.7661060214290324,0.005821140532188183,0.00016234418910500688,0.00016164187513396187,0.43260801320750936,-0.894062400444453,-0.8901439607328315,0.4382736271733946,-0.0332141273516905,-0.03298440058900037,0.6916537660545625,3.9043568821925874,3.9043648889728506,0.00020507296092132191,3.225641067124227,0.7873647557306848,0.7873104480749369,0.006897394803692717,-9.13795062853993e-5,-9.073120489228125e-5,0.7094603806385791,0.7216365684485618,0.7166162346424042,0.6956872788404814,0.02825786170149835,0.027977911750123027,0.9906975776602365,3.9018059693280516,3.9018098725227897,0.00010003559297333538,-2.5048122351285373,0.8587910525146949,0.8587020831390081,0.010359839617132821,0.00019784348838913993,0.00019768213812153832,0.08155449993090073,-1.3359766805690838,-1.3355959199541743,0.028500543493570243,-0.05407005505104257,-0.053867765306154176,0.3741252800601593,3.8950896479600488,3.895110504790864,0.0005354647184113514,4.685469943821139,0.9143737883194256,0.9145969997774758,0.024411401650128887,9.382872966159227e-5,9.408154236293055e-5,0.2694406097685562,-0.48062302375386573,-0.4821813571266196,0.32423194390119287,-0.02758573733866756,-0.027568898763926587,0.061040872441603125,3.873088665126488,3.872955655077021,0.0034342113224673926,1.559567589493191,0.9381254860662294,0.9384569551191398,0.035333125241102506,-4.757178294924971e-5,-4.752392512049715e-5,0.10060129300517176,0.2508044067329648,0.25075016029604613,0.021628980776404357,0.017209320458460936,0.017156251765834022,0.3083718079107701,3.853513979129275,3.853122412221637,0.010161294593933964,-0.9069058602180076
0.9598820058997051,0.95625,0.5167237719369355,0.516704346687736,0.0037593101487660044,0.00019555516410442512,0.0001955134163981135,0.021348301643077813,-0.4839355811040463,-0.4882242547409455,0.8862075458711011,-0.016048586374009133,-0.016175614726177432,0.7915236221305019,4.135053602558401,4.135086683332702,0.0008000083549274901,3.277167365321862,0.5378245839734519,0.5379499042318021,0.023301325763941,-9.611566070822002e-5,-9.543441655544181e-5,0.708775393893692,0.290391602860668,0.2918607416091058,0.5059164018398618,0.00975118316922886,0.009789456243717402,0.3924967239803054,4.1001399546057655,4.099940738733494,0.00485875785892794,-2.892204190240025,0.6118036959503623,0.6117529615073681,0.008292601586099254,0.00021221917830210828,0.0002112311176213333,0.46558500917781975,-0.8711418739454571,-0.8724735499106072,0.15286556701940102,-0.02860665321957594,-0.028601271312454036,0.018813480488592077,4.006049168752725,4.006099572825406,0.001258199052426245,4.342387954162492,0.6635504096008836,0.6636012811717371,0.007666572142436327,0.000104833994972793,0.0001049989397427764,0.15733901014284352,0.4769275350126104,0.4669215446545501,2.0980106249885018,0.016704856108370143,0.016330474196382134,2.2411561617727522,3.95970458818374,3.959663063693369,0.0010486764718399026,1.5284506254241343,0.6845216427720282,0.684711654204653,0.027758279760927932,-4.81082763116032e-5,-4.7651479247288984e-5,0.9495186677557977,-1.1686688446256421,-1.152232390095149,1.406425319377638,-0.03861681469812381,-0.03807454557680561,1.4042305807903483,3.9433406748485136,3.943200249761503,0.003561069118531181,-0.6784455827460062,0.765832660662416,0.7657162370261766,0.015202229183933422,0.00016156370183594977,0.0001606577938420766,0.5607125756458712,-0.8895554449618477,-0.8844730063065628,0.571345910372443,-0.03305281828677146,-0.032782125981349546,0.8189689093176377,3.9044142471047962,3.904435415797707,0.0005421733343554702,3.225641067124227,0.7870145811893344,0.7868830529879682,0.0167122953640107,-9.072093190735976e-5,-8.988621417566886e-5,0.9200938682412161,0.7164421217248822,0.7099617766318438,0.9045176011478143,0.028057231115606013,0.02772225222600188,1.1939128569882682,3.901831317039978,3.9018409489817714,0.00024685695025876967,-2.5048122351285373,0.858194163257497,0.8579770436757044,0.025299587329802926,0.000197218390314031,0.0001969289369248174,0.1467679503684705,-1.3319689853996501,-1.3308461556679223,0.08429848923178476,-0.053878586919278486,-0.05363927490735438,0.4441690578905605,3.8952286914518486,3.8952787545222236,0.001285240850810443,4.685469943821139,0.914049582982572,0.9142242343184126,0.019107424705639107,9.418822064390415e-5,9.452525760005166e-5,0.35783344652166593,-0.482772298727862,-0.48482977086511947,0.42617858205184256,-0.02765512952742419,-0.02765730130367913,0.007853068461617181,3.87328078898463,3.8731774466086786,0.002668083766228134,1.559567589493191,0.9381029314884557,0.9384376819991351,0.03568377194475886,-4.7294969090386576e-5,-4.720520535984404e-5,0.18979551582111914,0.24952032499302762,0.24929035084701057,0.0921664982696218,0.017121529182686553,0.01705748718803127,0.37404366147413043,3.853540450169021,3.8531453106279514,0.010253935210468077,-0.9069058602180076
1.0,1.0,0.5167008167381872,0.516660673937933,0.007769060731823346,0.0001954893445427937,0.00019539155426923828,0.05002332673636833,-0.4843243310453209,-0.4891747470973699,1.0014809789919723,-0.016061051805695097,-0.016206058089498106,0.9028442567602617,4.13509269487804,4.135161061078179,0.0016533172333467315,3.277167365321862,0.5378294038899656,0.537962406356018,0.024729489516646625,-9.59524280477371e-5,-9.510686282388391e-5,0.881233795806101,0.29018405867232044,0.2916046242019134,0.48953947921621915,0.009744302623932883,0.009780985658227733,0.37645622996923367,4.100132290417605,4.099920871123686,0.00515640176813286,-2.892204190240025,0.6117695581630798,0.6116840549635217,0.01397637368795505,0.00021202546249489426,0.0002108253170398179,0.5660383620694951,-0.8707946523463239,-0.8719445777629349,0.13205471732199234,-0.02859588518295243,-0.028584685300444296,0.03916606335658858,4.00608308279152,4.006168051828354,0.002121000365645774,4.342387954162492,0.6635199873723019,0.6635437457805247,0.0035806620260020717,0.00010482723213174828,0.00010499613646841252,0.1611263917108519,0.4755861386913501,0.463940792814435,2.4486302121754573,0.01665909642929678,0.01622890517271098,2.5823204662484835,3.9597294244795194,3.9597100282026076,0.0004898384417836869,1.5284506254241343,0.6845146409538637,0.6847024065746528,0.027430475486600013,-4.800797787600795e-5,-4.744878199891382e-5,1.1647978145182083,-1.1668673958480449,-1.1480235924271198,1.6149053001202371,-0.038566223326265865,-0.037956008213024583,1.5822527087470588,3.943345852565472,3.943207080383218,0.0035191481407496916,-0.6784455827460062,0.76576838394967,0.7655866786008628,0.02372849971553133,0.00016140878788319752,0.00016033058215551865,0.6679969175278814,-0.8886599584430687,-0.8825880303834577,0.6832678801292003,-0.033020707980738494,-0.032714851562716696,0.9262563909901896,3.9044259232596232,3.904459076728017,0.0008491253015255673,3.225641067124227,0.7869437729485046,0.7867413046566233,0.02572843179414256,-9.059118466310722e-5,-8.960407371339927e-5,1.0896324552756944,0.7154188675889146,0.7077415832272504,1.0731174014934672,0.028017614024942263,0.02763694327573759,1.3586836797230026,3.9018364948005906,3.901851397809878,0.00038194858516969683,-2.5048122351285373,0.8580721849668516,0.8577347665728928,0.039322844845712794,0.0001970887632878846,0.00019667491376184444,0.2099812892101137,-1.3311287324713632,-1.3292434050827588,0.14163373854188235,-0.053838864889373686,-0.05356257395909164,0.5131811951268991,3.895256850717487,3.8953342947079364,0.0019881613310078574,4.685469943821139,0.9139810136835895,0.914099320647547,0.012944138027618039,9.426119008078568e-5,9.467376486297071e-5,0.43769316070743297,-0.4832089409813737,-0.4857157863905044,0.5187911887638976,-0.02766884632256749,-0.027686785965514778,0.06483697490724485,3.8733212617826207,3.8732513954037135,0.001803784767262057,1.559567589493191,0.938097484680381,0.9384310891301707,0.035561810498122716,-4.7236620196001577e-5,-4.709851787452504e-5,0.29236283396971063,0.24924753522295473,0.2488012131396075,0.1790678021943033,0.017102794812803374,0.01702437030529035,0.45854790618382213,3.853546840133277,3.8531531396311034,0.010216574976414455,-0.9069058602180076
