time(s),current(A)
0.0,3.628
0.1,6.0
0.2,6.0
0.3,6.0
0.4,6.0
0.5,6.0
0.6,5.528
0.7,5.233
0.8,2.339
0.9,0.458
1.0,-3.399
1.1,-2.872
1.2,-4.392
1.3,-6.0
1.4,-6.0
1.5,-5.375
1.6,-4.189
1.7,-1.009
1.8,0.441
1.9,2.082
2.0,3.722
2.1,5.641
2.2,6.0
2.3,5.326
2.4,5.172
2.5,5.079
2.6,2.832
2.7,1.536
2.8,0.175
2.9,-2.107
3.0,-2.957
3.1,-4.552
3.2,-4.72
3.3,-4.339
3.4,-4.81
3.5,-3.165
3.6,-2.411
3.7,-1.083
3.8,-0.169
3.9,1.301
4.0,1.527
4.1,1.855
4.2,2.471
4.3,2.842
4.4,2.651
4.5,2.568
4.6,2.074
4.7,1.867
4.8,1.241
4.9,2.277
5.0,2.887
5.1,2.0
5.2,1.615
5.3,1.31
5.4,-0.964
5.5,-0.408
5.6,-4.194
5.7,-4.012
5.8,-4.996
5.9,-2.526
6.0,-2.885
6.1,-0.999
6.2,2.486
6.3,3.34
6.4,4.999
6.5,6.0
6.6,6.0
6.7,6.0
6.8,6.0
6.9,6.0
7.0,3.169
7.1,-0.124
7.2,-2.709
7.3,-4.494
7.4,-6.0
7.5,-6.0
7.6,-6.0
7.7,-6.0
7.8,-6.0
7.9,-2.875
8.0,-0.238
8.1,3.399
8.2,6.0
8.3,6.0
8.4,6.0
8.5,6.0
8.6,6.0
8.7,5.172
8.8,2.564
8.9,-1.426
9.0,-3.434
9.1,-5.366
9.2,-6.0
9.3,-6.0
9.4,-5.916
9.5,-5.626
9.6,-2.571
9.7,-1.334
9.8,-0.274
9.9,1.172
10.0,2.216
10.1,3.824
10.2,3.263
10.3,3.095
10.4,4.706
10.5,2.634
10.6,4.115
10.7,5.162
10.8,4.254
10.9,4.688
11.0,4.47
11.1,2.517
11.2,1.636
11.3,-0.81
11.4,-3.098
11.5,-5.102
11.6,-5.566
11.7,-6.0
11.8,-5.13
11.9,-3.761
12.0,-1.535
12.1,2.111
12.2,6.0
12.3,6.0
12.4,6.0
12.5,6.0
12.6,6.0
12.7,5.763
12.8,1.768
12.9,-1.982
13.0,-3.574
13.1,-4.427
13.2,-6.0
13.3,-5.578
13.4,-4.901
13.5,-3.649
13.6,-1.935
13.7,-1.582
13.8,-0.887
13.9,-0.767
14.0,-1.205
14.1,-0.216
14.2,0.001
14.3,1.089
14.4,3.511
14.5,4.863
14.6,6.0
14.7,6.0
14.8,6.0
14.9,5.845
15.0,4.951
15.1,-0.081
15.2,-3.846
15.3,-6.0
15.4,-6.0
15.5,-6.0
15.6,-6.0
15.7,-3.867
15.8,-1.9
15.9,2.9
16.0,4.751
16.1,6.0
16.2,6.0
16.3,6.0
16.4,4.249
16.5,4.143
16.6,2.637
16.7,2.544
16.8,1.996
16.9,4.541
17.0,3.36
17.1,2.294
17.2,-0.234
17.3,-2.108
17.4,-5.593
17.5,-6.0
17.6,-6.0
17.7,-6.0
17.8,-6.0
17.9,-3.268
18.0,0.844
18.1,4.644
18.2,6.0
18.3,6.0
18.4,6.0
18.5,5.776
18.6,2.864
18.7,2.083
18.8,-0.641
18.9,-0.911
19.0,-1.368
19.1,-1.393
19.2,-0.355
19.3,-0.983
19.4,-3.126
19.5,-6.0
19.6,-6.0
19.7,-6.0
19.8,-6.0
19.9,-5.284
20.0,-0.216
20.1,2.829
20.2,6.0
20.3,6.0
20.4,6.0
20.5,6.0
20.6,6.0
20.7,4.109
20.8,-0.084
20.9,-1.652
21.0,-0.952
21.1,0.508
21.2,-0.514
21.3,-1.695
21.4,0.082
21.5,-3.529
21.6,-5.429
21.7,-4.952
21.8,-5.954
21.9,-2.607
22.0,-1.922
22.1,1.785
22.2,6.0
22.3,6.0
22.4,6.0
22.5,6.0
22.6,6.0
22.7,3.303
22.8,0.01
22.9,-1.799
23.0,-1.503
23.1,-1.56
23.2,0.012
23.3,-1.274
23.4,-3.013
23.5,-5.017
23.6,-6.0
23.7,-6.0
23.8,-6.0
23.9,-5.05
24.0,-1.078
24.1,4.046
24.2,6.0
24.3,6.0
24.4,6.0
24.5,5.817
24.6,2.875
24.7,2.057
24.8,0.251
24.9,0.408
25.0,2.44
25.1,2.414
25.2,2.426
25.3,-0.622
25.4,-5.456
25.5,-6.0
25.6,-6.0
25.7,-6.0
25.8,-3.404
25.9,-0.74
26.0,4.761
26.1,6.0
26.2,6.0
26.3,6.0
26.4,5.813
26.5,3.727
26.6,5.188
26.7,4.635
26.8,5.368
26.9,5.623
27.0,3.933
27.1,1.117
27.2,-3.034
27.3,-6.0
27.4,-6.0
27.5,-6.0
27.6,-6.0
27.7,-3.056
27.8,-0.144
27.9,2.07
28.0,2.48
28.1,2.051
28.2,0.97
28.3,0.741
28.4,3.374
28.5,5.63
28.6,6.0
28.7,6.0
28.8,6.0
28.9,3.129
29.0,-1.442
29.1,-4.693
29.2,-6.0
29.3,-5.739
29.4,-4.807
29.5,-3.924
29.6,-1.948
29.7,-2.681
29.8,-3.56
29.9,-4.541
30.0,-3.731
30.1,0.103
30.2,4.944
30.3,6.0
30.4,6.0
30.5,6.0
30.6,6.0
30.7,3.83
30.8,1.448
30.9,-0.275
31.0,0.919
31.1,0.037
31.2,-0.013
31.3,0.564
31.4,-3.329
31.5,-6.0
31.6,-6.0
31.7,-6.0
31.8,-4.774
31.9,0.312
32.0,3.975
32.1,5.13
32.2,5.574
32.3,3.119
32.4,2.475
32.5,3.439
32.6,4.378
32.7,6.0
32.8,6.0
32.9,5.781
33.0,0.617
33.1,-2.858
33.2,-6.0
33.3,-6.0
33.4,-5.963
33.5,-3.169
33.6,-1.328
33.7,-1.632
33.8,-2.963
33.9,-4.232
34.0,-3.451
34.1,-0.976
34.2,3.475
34.3,6.0
34.4,6.0
34.5,6.0
34.6,5.719
34.7,2.385
34.8,0.072
34.9,0.783
35.0,1.964
35.1,3.597
35.2,1.111
35.3,-4.321
35.4,-6.0
35.5,-6.0
35.6,-6.0
35.7,-3.86
35.8,0.666
35.9,4.137
36.0,4.136
36.1,3.511
36.2,1.728
36.3,2.359
36.4,6.0
36.5,6.0
36.6,6.0
36.7,6.0
36.8,4.948
36.9,-0.528
37.0,-3.716
37.1,-5.546
37.2,-3.447
37.3,-2.226
37.4,-2.501
37.5,-5.165
37.6,-6.0
37.7,-6.0
37.8,-6.0
37.9,-3.98
38.0,2.373
38.1,6.0
38.2,6.0
38.3,4.324
38.4,2.488
38.5,2.967
38.6,4.279
38.7,6.0
38.8,6.0
38.9,5.349
39.0,-0.208
39.1,-5.099
39.2,-6.0
39.3,-6.0
39.4,-4.447
39.5,-2.461
39.6,-2.648
39.7,-5.489
39.8,-6.0
39.9,-5.788
40.0,-1.386
40.1,5.587
40.2,6.0
40.3,6.0
40.4,6.0
40.5,5.419
40.6,3.385
40.7,3.957
40.8,6.0
40.9,5.723
41.0,3.86
41.1,-0.605
41.2,-4.477
41.3,-6.0
41.4,-5.173
41.5,-2.862
41.6,-2.209
41.7,-1.546
41.8,-3.482
41.9,-4.0
42.0,-3.072
42.1,2.282
42.2,6.0
42.3,6.0
42.4,6.0
42.5,4.674
42.6,2.319
42.7,2.464
42.8,4.2
42.9,5.495
43.0,2.778
43.1,-2.953
43.2,-6.0
43.3,-6.0
43.4,-6.0
43.5,-4.735
43.6,-1.951
43.7,-1.863
43.8,-4.817
43.9,-5.897
44.0,-3.135
44.1,2.687
44.2,6.0
44.3,6.0
44.4,6.0
44.5,3.335
44.6,2.318
44.7,4.167
44.8,5.726
44.9,5.633
45.0,4.249
45.1,-2.329
45.2,-5.88
45.3,-5.84
45.4,-5.519
45.5,-0.331
45.6,-2.481
45.7,-3.848
45.8,-6.0
45.9,-4.787
46.0,-0.755
46.1,5.394
46.2,6.0
46.3,6.0
46.4,6.0
46.5,3.975
46.6,4.35
46.7,6.0
46.8,6.0
46.9,6.0
47.0,-0.701
47.1,-5.947
47.2,-6.0
47.3,-4.208
47.4,-2.741
47.5,-3.315
47.6,-6.0
47.7,-6.0
47.8,-6.0
47.9,-2.774
48.0,3.058
48.1,6.0
48.2,4.343
48.3,2.475
48.4,1.919
48.5,5.614
48.6,6.0
48.7,6.0
48.8,5.39
48.9,0.59
49.0,-3.473
49.1,-3.103
49.2,-1.221
49.3,-1.529
49.4,-4.473
49.5,-6.0
49.6,-6.0
49.7,-6.0
49.8,-1.884
49.9,2.329
50.0,3.849
50.1,0.972
50.2,-0.217
50.3,5.46
50.4,6.0
50.5,6.0
50.6,6.0
50.7,4.579
50.8,2.766
50.9,2.785
51.0,3.967
51.1,2.651
51.2,-0.45
51.3,-6.0
51.4,-6.0
51.5,-6.0
51.6,-1.69
51.7,1.194
51.8,-0.187
51.9,-4.797
52.0,-3.282
52.1,1.691
52.2,6.0
52.3,6.0
52.4,5.373
52.5,3.456
52.6,2.748
52.7,5.774
52.8,6.0
52.9,4.616
53.0,-0.763
53.1,-5.896
53.2,-5.73
53.3,-4.205
53.4,-2.175
53.5,-3.534
53.6,-6.0
53.7,-6.0
53.8,-4.872
53.9,0.668
54.0,3.825
54.1,2.917
54.2,1.001
54.3,2.207
54.4,6.0
54.5,6.0
54.6,6.0
54.7,5.247
54.8,-0.011
54.9,-0.96
55.0,3.332
55.1,3.948
55.2,-1.525
55.3,-5.589
55.4,-6.0
55.5,-6.0
55.6,-2.61
55.7,-1.527
55.8,-1.493
55.9,-4.028
56.0,-0.898
56.1,3.373
56.2,6.0
56.3,6.0
56.4,4.541
56.5,4.543
56.6,5.602
56.7,6.0
56.8,6.0
56.9,3.733
57.0,-3.545
57.1,-4.992
57.2,-2.629
57.3,-1.489
57.4,-3.722
57.5,-6.0
57.6,-6.0
57.7,-6.0
57.8,-0.187
57.9,2.053
58.0,-0.591
58.1,-1.791
58.2,1.41
58.3,6.0
58.4,6.0
58.5,6.0
58.6,3.543
58.7,1.982
58.8,4.138
58.9,6.0
59.0,1.23
59.1,-3.415
59.2,-6.0
59.3,-6.0
59.4,-2.843
59.5,-2.393
59.6,-6.0
59.7,-6.0
59.8,-5.268
59.9,0.631
60.0,4.911
60.1,3.753
60.2,1.014
60.3,1.546
60.4,6.0
60.5,6.0
60.6,6.0
60.7,3.468
60.8,1.489
60.9,3.917
61.0,3.661
61.1,3.379
61.2,-4.161
61.3,-6.0
61.4,-5.042
61.5,-1.443
61.6,-3.064
61.7,-5.466
61.8,-5.666
61.9,-1.95
62.0,2.083
62.1,5.347
62.2,2.653
62.3,1.775
62.4,3.977
62.5,6.0
62.6,6.0
62.7,4.893
62.8,0.315
62.9,0.118
63.0,1.11
63.1,1.814
63.2,-3.334
63.3,-6.0
63.4,-6.0
63.5,-4.965
63.6,-2.407
63.7,-4.804
63.8,-6.0
63.9,-4.734
64.0,2.443
64.1,5.71
64.2,4.169
64.3,1.139
64.4,2.414
64.5,6.0
64.6,6.0
64.7,6.0
64.8,-0.335
64.9,-0.363
65.0,1.72
65.1,3.22
65.2,-1.001
65.3,-6.0
65.4,-6.0
65.5,-4.453
65.6,-2.59
65.7,-4.355
65.8,-5.771
65.9,-3.193
66.0,3.154
66.1,6.0
66.2,4.86
66.3,1.714
66.4,4.576
66.5,6.0
66.6,6.0
66.7,5.263
66.8,0.354
66.9,1.521
67.0,3.486
67.1,1.028
67.2,-4.915
67.3,-6.0
67.4,-6.0
67.5,-2.625
67.6,-4.297
67.7,-6.0
67.8,-6.0
67.9,-1.481
68.0,3.723
68.1,2.477
68.2,0.393
68.3,2.24
68.4,6.0
68.5,6.0
68.6,6.0
68.7,1.123
68.8,2.13
68.9,4.773
69.0,3.018
69.1,-2.181
69.2,-6.0
69.3,-5.511
69.4,-2.154
69.5,-4.225
69.6,-6.0
69.7,-6.0
69.8,-2.921
69.9,1.956
70.0,2.355
70.1,-0.859
70.2,2.371
70.3,6.0
70.4,6.0
70.5,6.0
70.6,3.515
70.7,6.0
70.8,6.0
70.9,6.0
71.0,-0.823
71.1,-4.018
71.2,-1.888
71.3,0.07
71.4,-3.745
71.5,-6.0
71.6,-6.0
71.7,-0.224
71.8,-0.89
71.9,-1.697
72.0,-3.338
72.1,2.413
72.2,6.0
72.3,6.0
72.4,3.016
72.5,3.593
72.6,6.0
72.7,6.0
72.8,2.971
72.9,-1.847
73.0,-0.627
73.1,1.522
73.2,-1.775
73.3,-6.0
73.4,-6.0
73.5,-4.923
73.6,-2.461
73.7,-4.695
73.8,-6.0
73.9,-3.115
74.0,3.747
74.1,4.001
74.2,1.559
74.3,2.199
74.4,6.0
74.5,6.0
74.6,4.84
74.7,0.82
74.8,2.453
74.9,5.591
75.0,2.934
75.1,-1.562
75.2,-4.628
75.3,-1.912
75.4,-3.056
75.5,-5.683
75.6,-6.0
75.7,-4.047
75.8,2.229
75.9,0.906
76.0,-3.964
76.1,1.031
76.2,6.0
76.3,6.0
76.4,4.943
76.5,3.947
76.6,6.0
76.7,6.0
76.8,4.88
76.9,1.13
77.0,-1.317
77.1,1.865
77.2,-2.269
77.3,-6.0
77.4,-6.0
77.5,-4.417
77.6,-2.848
77.7,-6.0
77.8,-6.0
77.9,-0.846
78.0,3.886
78.1,1.553
78.2,0.048
78.3,4.373
78.4,6.0
78.5,6.0
78.6,2.817
78.7,3.035
78.8,6.0
78.9,4.609
79.0,-3.226
79.1,-4.539
79.2,-2.309
79.3,-1.929
79.4,-6.0
79.5,-6.0
79.6,-6.0
79.7,0.083
79.8,-3.092
79.9,-5.631
80.0,0.973
80.1,6.0
80.2,6.0
80.3,3.537
80.4,5.428
80.5,6.0
80.6,6.0
80.7,4.639
80.8,1.981
80.9,5.126
81.0,5.895
81.1,-3.097
81.2,-6.0
81.3,-1.206
81.4,-0.248
81.5,-6.0
81.6,-6.0
81.7,-3.079
81.8,-0.152
81.9,-1.109
82.0,-4.24
82.1,1.113
82.2,6.0
82.3,6.0
82.4,2.737
82.5,5.606
82.6,6.0
82.7,6.0
82.8,-0.083
82.9,0.569
83.0,3.752
83.1,0.23
83.2,-6.0
83.3,-6.0
83.4,-2.761
83.5,-3.567
83.6,-6.0
83.7,-6.0
83.8,-0.976
83.9,0.329
84.0,-2.992
84.1,-0.86
84.2,5.931
84.3,6.0
84.4,2.728
84.5,3.481
84.6,6.0
84.7,6.0
84.8,1.759
84.9,-0.702
85.0,1.641
85.1,2.725
85.2,-5.683
85.3,-6.0
85.4,-3.024
85.5,-2.772
85.6,-6.0
85.7,-6.0
85.8,0.092
85.9,0.815
86.0,-0.129
86.1,0.089
86.2,6.0
86.3,6.0
86.4,3.464
86.5,4.78
86.6,6.0
86.7,6.0
86.8,3.616
86.9,1.22
87.0,2.859
87.1,0.422
87.2,-6.0
87.3,-6.0
87.4,-2.806
87.5,-2.537
87.6,-6.0
87.7,-6.0
87.8,-0.711
87.9,-0.55
88.0,-3.484
88.1,-0.212
88.2,6.0
88.3,6.0
88.4,2.21
88.5,5.381
88.6,6.0
88.7,6.0
88.8,-0.094
88.9,1.214
89.0,4.121
89.1,-1.902
89.2,-6.0
89.3,-5.318
89.4,-2.834
89.5,-6.0
89.6,-6.0
89.7,-3.936
89.8,0.056
89.9,-3.115
90.0,-2.599
90.1,3.654
90.2,6.0
90.3,4.432
90.4,4.218
90.5,6.0
90.6,6.0
90.7,3.008
90.8,2.82
90.9,6.0
91.0,3.634
91.1,-4.247
91.2,-3.244
91.3,-0.292
91.4,-4.38
91.5,-6.0
91.6,-4.881
91.7,1.594
91.8,-2.644
91.9,-5.439
92.0,1.457
92.1,5.591
92.2,0.985
92.3,1.134
92.4,6.0
92.5,6.0
92.6,2.646
92.7,3.27
92.8,6.0
92.9,3.667
93.0,-3.599
93.1,-2.072
93.2,0.354
93.3,-6.0
93.4,-6.0
93.5,-4.951
93.6,-2.387
93.7,-6.0
93.8,-6.0
93.9,1.279
94.0,2.298
94.1,-1.836
94.2,2.043
94.3,6.0
94.4,5.846
94.5,3.277
94.6,6.0
94.7,6.0
94.8,1.986
94.9,-0.978
95.0,3.737
95.1,2.19
95.2,-6.0
95.3,-4.914
95.4,-1.009
95.5,-4.977
95.6,-6.0
95.7,-4.972
95.8,-0.798
95.9,-1.743
96.0,-1.893
96.1,6.0
96.2,6.0
96.3,2.72
96.4,5.375
96.5,6.0
96.6,6.0
96.7,2.6
96.8,6.0
96.9,6.0
97.0,-1.938
97.1,-4.698
97.2,-0.37
97.3,-3.144
97.4,-6.0
97.5,-6.0
97.6,-2.184
97.7,-5.284
97.8,-6.0
97.9,-0.527
98.0,2.823
98.1,-1.1
98.2,2.174
98.3,6.0
98.4,6.0
98.5,3.231
98.6,6.0
98.7,6.0
98.8,1.265
98.9,-1.2
99.0,3.268
99.1,-0.094
99.2,-6.0
99.3,-4.647
99.4,-2.962
99.5,-6.0
99.6,-6.0
99.7,-2.265
99.8,-1.486
99.9,-5.398
100.0,-0.162
100.1,6.0
100.2,4.72
100.3,4.366
100.4,6.0
100.5,6.0
100.6,3.804
100.7,6.0
100.8,6.0
100.9,2.113
101.0,-2.192
101.1,3.234
101.2,0.497
101.3,-6.0
101.4,-4.944
101.5,0.711
101.6,-6.0
101.7,-6.0
101.8,2.361
101.9,-0.099
102.0,-3.775
102.1,1.78
102.2,6.0
102.3,3.987
102.4,2.188
102.5,6.0
102.6,6.0
102.7,1.225
102.8,4.097
102.9,5.725
103.0,-3.036
103.1,-4.085
103.2,0.682
103.3,-5.188
103.4,-6.0
103.5,-5.245
103.6,-2.78
103.7,-6.0
103.8,-5.51
103.9,2.028
104.0,0.315
104.1,-1.629
104.2,6.0
104.3,6.0
104.4,2.028
104.5,6.0
104.6,6.0
104.7,3.532
104.8,0.828
104.9,5.241
105.0,2.582
105.1,-4.146
105.2,0.264
105.3,-0.193
105.4,-6.0
105.5,-6.0
105.6,-0.491
105.7,-4.914
105.8,-4.902
105.9,2.239
106.0,3.799
106.1,0.419
106.2,6.0
106.3,6.0
106.4,4.272
106.5,6.0
106.6,6.0
106.7,4.844
106.8,0.263
106.9,5.584
107.0,1.714
107.1,-5.291
107.2,-4.352
107.3,-1.202
107.4,-6.0
107.5,-6.0
107.6,-2.316
107.7,-5.923
107.8,-6.0
107.9,0.931
108.0,1.863
108.1,-1.527
108.2,5.224
108.3,6.0
108.4,3.962
108.5,4.865
108.6,6.0
108.7,3.545
108.8,0.503
108.9,5.447
109.0,1.023
109.1,-5.076
109.2,-2.899
109.3,-2.34
109.4,-6.0
109.5,-6.0
109.6,-1.92
109.7,-6.0
109.8,-6.0
109.9,1.777
110.0,0.084
110.1,1.134
110.2,6.0
110.3,6.0
110.4,5.061
110.5,6.0
110.6,6.0
110.7,3.928
110.8,4.622
110.9,6.0
111.0,0.169
111.1,-3.841
111.2,0.22
111.3,-4.215
111.4,-6.0
111.5,-2.431
111.6,-4.318
111.7,-6.0
111.8,-1.095
111.9,1.13
112.0,-4.349
112.1,1.795
112.2,6.0
112.3,1.916
112.4,4.468
112.5,6.0
112.6,4.815
112.7,2.421
112.8,6.0
112.9,2.424
113.0,-2.648
113.1,1.335
113.2,-2.494
113.3,-6.0
113.4,-4.606
113.5,-3.738
113.6,-6.0
113.7,-3.934
113.8,-0.212
113.9,-5.782
114.0,-0.212
114.1,5.208
114.2,1.241
114.3,3.424
114.4,6.0
114.5,6.0
114.6,3.569
114.7,6.0
114.8,3.774
114.9,-1.017
115.0,4.651
115.1,1.842
115.2,-5.58
115.3,-0.921
115.4,-2.339
115.5,-6.0
115.6,-3.851
115.7,-0.567
115.8,-5.385
115.9,-1.887
116.0,5.485
116.1,-0.605
116.2,4.389
116.3,6.0
116.4,3.716
116.5,6.0
116.6,6.0
116.7,4.142
116.8,2.132
116.9,6.0
117.0,-1.566
117.1,-4.509
117.2,-0.735
117.3,-6.0
117.4,-6.0
117.5,-2.635
117.6,-5.918
117.7,-6.0
117.8,-0.584
117.9,-1.771
118.0,-3.263
118.1,4.931
118.2,4.973
118.3,1.168
118.4,6.0
118.5,6.0
118.6,2.021
118.7,6.0
118.8,5.94
118.9,-2.018
119.0,2.137
119.1,0.557
119.2,-6.0
119.3,-4.421
119.4,-2.971
119.5,-6.0
119.6,-5.175
119.7,-2.333
119.8,-6.0
119.9,-1.015
120.0,4.358
120.1,-2.144
120.2,3.642
120.3,6.0
120.4,3.497
120.5,6.0
120.6,6.0
120.7,2.058
120.8,4.181
120.9,6.0
121.0,-2.385
121.1,-0.864
121.2,-0.042
121.3,-6.0
121.4,-3.586
121.5,-1.931
121.6,-6.0
121.7,-3.785
121.8,0.916
121.9,-4.567
122.0,-0.135
122.1,4.64
122.2,0.412
122.3,5.538
122.4,6.0
122.5,2.464
122.6,6.0
122.7,6.0
122.8,0.518
122.9,3.27
123.0,1.896
123.1,-6.0
123.2,-3.279
123.3,-2.912
123.4,-6.0
123.5,-5.555
123.6,-4.21
123.7,-6.0
123.8,-1.847
123.9,-0.031
124.0,-4.125
124.1,4.195
124.2,4.971
124.3,1.253
124.4,6.0
124.5,6.0
124.6,1.81
124.7,6.0
124.8,4.567
124.9,-1.983
125.0,5.64
125.1,-0.171
125.2,-6.0
125.3,-1.688
125.4,-4.605
125.5,-6.0
125.6,-1.542
125.7,-5.173
125.8,-5.512
125.9,2.723
126.0,-0.956
126.1,3.06
126.2,6.0
126.3,3.536
126.4,4.708
126.5,6.0
126.6,4.033
126.7,6.0
126.8,6.0
126.9,-1.075
127.0,1.365
127.1,-0.065
127.2,-6.0
127.3,-3.212
127.4,-4.421
127.5,-6.0
127.6,-3.305
127.7,-4.247
127.8,-6.0
127.9,0.712
128.0,0.212
128.1,-0.14
128.2,6.0
128.3,3.78
128.4,4.002
128.5,6.0
128.6,3.53
128.7,4.356
128.8,6.0
128.9,-1.723
129.0,0.171
129.1,0.342
129.2,-6.0
129.3,-3.635
129.4,-4.128
129.5,-6.0
129.6,-3.422
129.7,-4.749
129.8,-6.0
129.9,1.83
130.0,-1.02
130.1,2.467
130.2,6.0
130.3,3.522
130.4,6.0
130.5,6.0
130.6,4.122
130.7,6.0
130.8,6.0
130.9,0.136
131.0,2.828
131.1,2.521
131.2,-6.0
131.3,-0.417
131.4,-5.235
131.5,-6.0
131.6,-1.012
131.7,-4.698
131.8,-5.304
131.9,2.064
132.0,-3.554
132.1,3.302
132.2,6.0
132.3,0.986
132.4,6.0
132.5,6.0
132.6,2.403
132.7,6.0
132.8,2.821
132.9,-1.161
133.0,3.79
133.1,-4.872
133.2,-4.403
133.3,-1.293
133.4,-6.0
133.5,-4.463
133.6,-4.465
133.7,-6.0
133.8,-0.277
133.9,-2.132
134.0,-2.408
134.1,6.0
134.2,1.291
134.3,4.048
134.4,6.0
134.5,2.399
134.6,6.0
134.7,6.0
134.8,-0.584
134.9,4.465
135.0,2.013
135.1,-2.811
135.2,1.436
135.3,-5.892
135.4,-5.338
135.5,-0.842
135.6,-6.0
135.7,-3.245
135.8,-1.861
135.9,-4.347
136.0,5.839
136.1,2.7
136.2,3.559
136.3,6.0
136.4,5.188
136.5,6.0
136.6,6.0
136.7,3.909
136.8,6.0
136.9,2.1
137.0,-2.596
137.1,1.416
137.2,-5.862
137.3,-6.0
137.4,-3.127
137.5,-6.0
137.6,-3.527
137.7,-3.83
137.8,-6.0
137.9,1.725
138.0,-2.114
138.1,0.23
138.2,6.0
138.3,1.404
138.4,6.0
138.5,6.0
138.6,1.925
138.7,6.0
138.8,2.71
138.9,1.446
139.0,2.804
139.1,-6.0
139.2,-1.448
139.3,-3.48
139.4,-6.0
139.5,-2.582
139.6,-6.0
139.7,-6.0
139.8,-0.097
139.9,-5.1
140.0,1.569
140.1,3.683
140.2,-0.003
140.3,6.0
140.4,5.505
140.5,6.0
140.6,6.0
140.7,3.762
140.8,6.0
140.9,4.752
141.0,-2.541
141.1,1.443
141.2,-5.576
141.3,-5.282
141.4,-0.705
141.5,-6.0
141.6,-2.51
141.7,-4.608
141.8,-4.859
141.9,4.967
142.0,-2.959
142.1,2.97
142.2,5.593
142.3,2.057
142.4,6.0
142.5,4.562
142.6,4.194
142.7,6.0
142.8,-0.338
142.9,4.108
143.0,1.014
143.1,-5.02
143.2,0.058
143.3,-6.0
143.4,-5.211
143.5,-5.176
143.6,-6.0
143.7,-1.658
143.8,-4.572
143.9,-3.462
144.0,2.472
144.1,-1.488
144.2,5.757
144.3,4.805
144.4,3.112
144.5,6.0
144.6,2.639
144.7,5.097
144.8,5.778
144.9,-0.94
145.0,5.208
145.1,-3.022
145.2,-2.021
145.3,-0.945
145.4,-6.0
145.5,-0.586
145.6,-5.576
145.7,-4.975
145.8,0.455
145.9,-3.327
146.0,3.6
146.1,4.118
146.2,1.515
146.3,6.0
146.4,5.437
146.5,6.0
146.6,6.0
146.7,3.322
146.8,6.0
146.9,0.953
147.0,0.685
147.1,0.154
147.2,-6.0
147.3,-1.343
147.4,-6.0
147.5,-6.0
147.6,-3.459
147.7,-6.0
147.8,-0.786
147.9,-3.436
148.0,0.035
148.1,4.747
148.2,-0.453
148.3,6.0
148.4,4.334
148.5,4.762
148.6,6.0
148.7,0.697
148.8,6.0
148.9,1.496
149.0,-1.931
149.1,2.029
149.2,-6.0
149.3,-1.905
149.4,-6.0
149.5,-6.0
149.6,-3.143
149.7,-6.0
149.8,-0.957
149.9,-2.305
