Time (s),Voltage (V),Concentration (mol/m³),Stress (Pa),Current (A)
0.0,4.0341674269901056,29866.0,-5.942940940055923,5.0
1.0,4.034167198486402,29865.99689272793,57.24473587976866,5.0
2.0,4.02811331657314,29803.165809957733,1.2353112546750065e6,5.0
3.0,4.022671994568541,29769.514105530703,1.8245348847869507e6,5.0
4.0,4.0178413946056475,29744.034145795322,2.23297604592163e6,5.0
5.0,4.013520859293505,29722.47378510202,2.554792546311378e6,5.0
6.0,4.009618971816871,29703.33405278787,2.823195863738598e6,5.0
7.0,4.006069662266324,29685.884704411004,3.0543765192280784e6,5.0
8.0,4.002818808818899,29669.70366703161,3.2576984543474102e6,5.0
9.0,3.999824693768851,29654.52048618882,3.439164984668439e6,5.0
10.0,3.9970510632966363,29640.149128064437,3.6029064943182003e6,5.0
11.0,3.9944696938262823,29626.45500470119,3.7519111686585746e6,5.0
12.0,3.9920556159014207,29613.336919512643,3.888425319234537e6,5.0
13.0,3.989789573835553,29600.716483476644,4.014188324358333e6,5.0
14.0,3.9876541120797935,29588.5314681937,4.1305802067452343e6,5.0
15.0,3.9856358906042635,29576.73149808321,4.238717405217767e6,5.0
16.0,3.983722424195332,29565.27508818057,4.339518595338921e6,5.0
17.0,3.9819042777765183,29554.12759899684,4.433750207087936e6,5.0
18.0,3.9801722912368565,29543.259735746055,4.5220597828092165e6,5.0
19.0,3.9785196408677295,29532.646467773826,4.605000045625599e6,5.0
20.0,3.9769394295891876,29522.266193287323,4.683047461277127e6,5.0
21.0,3.9754266078978238,29512.100122226286,4.756615992406569e6,5.0
22.0,3.973975848572365,29502.131776740654,4.826068191852426e6,5.0
23.0,3.972583328558398,29492.346617396648,4.891723538751109e6,5.0
24.0,3.9712448320651736,29482.731727096394,4.953865451200482e6,5.0
25.0,3.969957399573608,29473.275573978644,5.01274657785447e6,5.0
26.0,3.96871761903193,29463.96780210255,5.068593436664605e6,5.0
27.0,3.9675231506655013,29454.799075335723,5.121609902398538e6,5.0
28.0,3.9663711762941265,29445.76093342087,5.171980392633142e6,5.0
29.0,3.9652598096612186,29436.84568597378,5.219872238849436e6,5.0
30.0,3.9641866808309056,29428.04631030222,5.265437945536305e6,5.0
31.0,3.9631502419412667,29419.356377550823,5.308816844902573e6,5.0
32.0,3.9621484684173303,29410.769978137283,5.350136743445298e6,5.0
33.0,3.9611800697233543,29402.281669160864,5.389515102624426e6,5.0
34.0,3.9602432926052535,29393.886418666963,5.4270602682041e6,5.0
35.0,3.959337045803009,29385.5795674927,5.462872328882297e6,5.0
36.0,3.958459793088363,29377.356786711935,5.49704405380128e6,5.0
37.0,3.957610600189022,29369.214049506536,5.529661527343114e6,5.0
38.0,3.956788107341044,29361.147598056927,5.5608048776711775e6,5.0
39.0,3.9559915059232957,29353.1539225139,5.590548752807169e6,5.0
40.0,3.9552195817809923,29345.229734801833,5.618962896349085e6,5.0
41.0,3.9544716283299066,29337.371952707534,5.646112509002402e6,5.0
42.0,3.9537465531434526,29329.577678839225,5.672058710386761e6,5.0
43.0,3.9530437335882675,29321.844188460655,5.696858816577926e6,5.0
44.0,3.9523621801801023,29314.168912362176,5.720566715537298e6,5.0
45.0,3.95170134016862,29306.54942747481,5.743233082180438e6,5.0
46.0,3.9510603120103673,29298.98344275652,5.764905687270927e6,5.0
47.0,3.9504386017355744,29291.46879189593,5.785629565419089e6,5.0
48.0,3.9498353835943996,29284.003421555848,5.8054472719880305e6,5.0
49.0,3.94925021352074,29276.58538566607,5.824399015202753e6,5.0
50.0,3.948682331605335,29269.21283553358,5.842522871912387e6,5.0
51.0,3.9481313364852952,29261.884015356485,5.859854892041607e6,5.0
52.0,3.947596525843781,29254.597253830023,5.876429281401241e6,5.0
53.0,3.9470775351348326,29247.35096060737,5.89227848462758e6,5.0
54.0,3.946573712727284,29240.14361911728,5.907433341318665e6,5.0
55.0,3.9460847260204215,29232.97378376539,5.921923152093202e6,5.0
56.0,3.945609968241219,29225.840073742464,5.9357758129315395e6,5.0
56.99999999999999,3.945149134669727,29218.741170809142,5.949017867889076e6,5.0
57.999999999999986,3.944701658436903,29211.675813921298,5.961674625472949e6,5.0
58.99999999999998,3.9442672592877757,29204.642797477347,5.973770200729968e6,5.0
59.99999999999997,3.943845406020288,29197.640966623003,5.985327616700227e6,5.0
60.99999999999997,3.943435839957033,29190.66921586725,5.996368838004136e6,5.0
61.999999999999964,3.943038061921904,29183.726484956038,6.006914859806942e6,5.0
62.99999999999996,3.9426518323638238,29176.81175778369,6.0169857345637325e6,5.0
63.99999999999995,3.9422766809927516,29169.924058745906,6.026600650472017e6,5.0
64.99999999999994,3.94191238529754,29163.062451888887,6.035777952687339e6,5.0
65.99999999999994,3.9415585011605145,29156.226037668795,6.044535212868834e6,5.0
66.99999999999993,3.9412148213331077,29149.41395229262,6.052889245913182e6,5.0
67.99999999999993,3.940880925522432,29142.625364824402,6.060856171909026e6,5.0
68.99999999999991,3.9405566202302724,29135.859476681115,6.068451429226977e6,5.0
69.99999999999991,3.940241506958364,29129.11551903619,6.07568982997551e6,5.0
70.99999999999991,3.93993540467612,29122.39275244115,6.082585570117454e6,5.0
71.9999999999999,3.939637934926996,29115.690464485302,6.08915227933044e6,5.0
72.9999999999999,3.939348928065646,29109.00796951956,6.095403028696827e6,5.0
73.99999999999989,3.939068024167671,29102.344606537845,6.101350375725129e6,5.0
74.99999999999989,3.93879506406597,29095.69973898419,6.107006370048609e6,5.0
75.99999999999987,3.93852970507246,29089.072752826993,6.1123825942478925e6,5.0
76.99999999999987,3.938271797744827,29082.463056433862,6.117490167914811e6,5.0
77.99999999999987,3.9380210155248356,29075.87007881454,6.122339784809337e6,5.0
78.99999999999986,3.9377772180706723,29069.293269550984,6.126941715581482e6,5.0
79.99999999999986,3.937540094006312,29062.73209718823,6.131305841716968e6,5.0
80.99999999999984,3.9373095115924577,29056.18604920961,6.135441657155377e6,5.0
81.99999999999984,3.9370851738270383,29049.654630558187,6.139358299407198e6,5.0
82.99999999999983,3.9368669571587542,29043.13736364858,6.143064550266397e6,5.0
83.99999999999983,3.9366545782728535,29036.633787004146,6.146568864425988e6,5.0
84.99999999999983,3.936447921472232,29030.143455298632,6.1498793694484625e6,5.0
85.99999999999982,3.936246716536227,29023.66593809617,6.153003892160332e6,5.0
86.99999999999982,3.9360508553473177,29017.200819917427,6.155949958008809e6,5.0
87.9999999999998,3.935860080260412,29010.747699071162,6.158724815483806e6,5.0
88.9999999999998,3.935674290504479,29004.30618774032,6.161335434968397e6,5.0
89.99999999999979,3.9354932405468266,28997.87591089572,6.163788531397046e6,5.0
90.99999999999979,3.9353168367552067,28991.456506398205,6.166090562692111e6,5.0
91.99999999999979,3.93514484528343,28985.047623986233,6.1682477508377535e6,5.0
92.99999999999977,3.9349771794412285,28978.648925390862,6.170266079981266e6,5.0
93.99999999999977,3.9348136166648073,28972.26008339005,6.1721513160808105e6,5.0
94.99999999999976,3.934654077007749,28965.880781933894,6.173909004732686e6,5.0
95.99999999999976,3.9344983487934573,28959.51071525921,6.175544489533481e6,5.0
96.99999999999974,3.9343463586103367,28953.1495880229,6.177062909686202e6,5.0
97.99999999999974,3.9341979052729505,28946.79711447113,6.178469217198879e6,5.0
98.99999999999974,3.934052921678065,28940.45301857904,6.179768174314103e6,5.0
99.99999999999973,3.93391121672799,28934.117033269602,6.1809643696503015e6,5.0
100.99999999999973,3.9337727293803315,28927.788900558073,6.182062215494095e6,5.0
101.99999999999972,3.9336372782108295,28921.468370816117,6.183065962979719e6,5.0
102.99999999999972,3.933504807968702,28915.155202919756,6.183979699272305e6,5.0
103.9999999999997,3.933375146477197,28908.84916355489,6.184807361870948e6,5.0
104.9999999999997,3.933248243987754,28902.550027367495,6.185552735712588e6,5.0
105.9999999999997,3.933123937135241,28896.257576307125,6.186219466671699e6,5.0
106.99999999999969,3.9330021813671188,28889.97159977857,6.186811058603732e6,5.0
107.99999999999969,3.9328828216872895,28883.691894020143,6.187330886109461e6,5.0
108.99999999999967,3.932765818421004,28877.41826225594,6.187782191539724e6,5.0
109.99999999999967,3.932651024496014,28871.150514106295,6.188168097079076e6,5.0
110.99999999999966,3.932538404790328,28864.88846573997,6.188491601728455e6,5.0
111.99999999999966,3.93242781971251,28858.631939314306,6.188755592760353e6,5.0
112.99999999999966,3.9323192383667434,28852.380763126886,6.188962842690314e6,5.0
113.99999999999966,3.932212528206133,28846.134771083074,6.189116020154607e6,5.0
114.99999999999967,3.9321076622378093,28839.893802846804,6.189217686877581e6,5.0
115.99999999999967,3.9320045145339875,28833.65770333363,6.189270308009943e6,5.0
116.99999999999967,3.9319030616891806,28827.426322860214,6.189276249106308e6,5.0
117.99999999999969,3.931803183983587,28821.19951666119,6.18923778595904e6,5.0
118.99999999999969,3.931704861294635,28814.977145037148,6.189157101587603e6,5.0
119.9999999999997,3.931607979716359,28808.75907289366,6.189036295607069e6,5.0
120.9999999999997,3.931512522118345,28802.545169887613,6.188877381234495e6,5.0
121.99999999999972,3.931418380033138,28796.335309987004,6.188682294217508e6,5.0
122.99999999999972,3.931325539047261,28790.129371615574,6.188452889861611e6,5.0
123.99999999999973,3.9312338957764448,28783.92723723205,6.188190951549952e6,5.0
124.99999999999973,3.931143438265549,28777.728793472874,6.187898187792874e6,5.0
125.99999999999974,3.9310540678787627,28771.53393074995,6.187576240360707e6,5.0
126.99999999999974,3.9309657748778206,28765.342543391358,6.187226681360514e6,5.0
127.99999999999974,3.9308784650612685,28759.154529256448,6.18685102100357e6,5.0
128.99999999999974,3.9307921306834848,28752.969789874744,6.186450704709727e6,5.0
129.99999999999977,3.930706681683726,28746.78823007727,6.186027120531404e6,5.0
130.99999999999977,3.93062211210172,28740.609758133556,6.185581596287594e6,5.0
131.99999999999977,3.930538335743554,28734.43428539854,6.185115406661726e6,5.0
132.99999999999977,3.9304553482435844,28728.261726447672,6.184629770364341e6,5.0
133.9999999999998,3.9303730670199686,28722.09199873844,6.184125856925187e6,5.0
134.9999999999998,3.930291489126837,28715.92502274356,6.183604783887162e6,5.0
135.9999999999998,3.9302105353579555,28709.760721626568,6.183067623304855e6,5.0
136.9999999999998,3.9301302040274377,28703.59902137304,6.182515398970758e6,5.0
137.9999999999998,3.9300504190855916,28697.439850479503,6.181949092637585e6,5.0
138.99999999999983,3.9299711799610857,28691.283140082793,6.181369641275848e6,5.0
139.99999999999983,3.9298924135581728,28685.128823661544,6.180777943034806e6,5.0
140.99999999999983,3.9298141202880887,28678.976837163733,6.180174854531875e6,5.0
141.99999999999983,3.9297362298219056,28672.827118720215,6.179561196564007e6,5.0
142.99999999999986,3.929658743434078,28666.679608770402,6.178937751431559e6,5.0
143.99999999999986,3.929581593389901,28660.534249787273,6.178305268411838e6,5.0
144.99999999999986,3.929504781719509,28654.39098640129,6.177664461116518e6,5.0
145.99999999999986,3.929428243123387,28648.249765136232,6.177016012740698e6,5.0
146.9999999999999,3.9293519802906824,28642.11053453136,6.176360573454865e6,5.0
147.9999999999999,3.9292759302107094,28635.973244887708,6.175698765439404e6,5.0
148.9999999999999,3.9292000961451015,28629.837848388433,6.175031180310035e6,5.0
149.9999999999999,3.929124417237368,28623.704298855027,6.174358383950566e6,5.0
150.9999999999999,3.9290488972443955,28617.572551865956,6.17368091397262e6,5.0
151.99999999999991,3.928973477340137,28611.442564522236,6.172999284355842e6,5.0
152.99999999999991,3.9288981617080148,28605.31429556444,6.172313982940361e6,5.0
153.99999999999991,3.928822893438769,28599.18770514726,6.171625475886004e6,5.0
154.99999999999991,3.928747677081483,28593.062754954783,6.170934205197847e6,5.0
155.99999999999994,3.928672457539282,28586.93940798369,6.170240593012088e6,5.0
156.99999999999994,3.928597239673165,28580.81762865674,6.169545039157509e6,5.0
157.99999999999994,3.9285219701028513,28574.69738261429,6.168847925272754e6,5.0
158.99999999999994,3.928446653954025,28568.578636826,6.168149612406647e6,5.0
159.99999999999994,3.928371239475032,28562.461359390254,6.167450444974177e6,5.0
160.99999999999997,3.9282957320150613,28556.345519644135,6.166750748395362e6,5.0
161.99999999999997,3.928220081370422,28550.231087970267,6.166050832900374e6,5.0
162.99999999999997,3.9281442930779056,28544.118035905176,6.165350991204485e6,5.0
163.99999999999997,3.9280683184079264,28538.00633595334,6.164651502167647e6,5.0
165.0,3.9279921630539762,28531.89596169373,6.163952628508517e6,5.0
166.0,3.9279157796928206,28525.786887600727,6.163254620328108e6,5.0
167.0,3.927839174148344,28519.679089149016,6.162557712857862e6,5.0
168.0,3.9277623004415734,28513.572542640977,6.16186212985541e6,5.0
169.0,3.9276851645045903,28507.467225309945,6.161168081388325e6,5.0
170.0,3.92760772164599,28501.363115153807,6.160475767105753e6,5.0
171.0,3.927529977887558,28495.260191036556,6.159785374060848e6,5.0
172.0,3.927451889773668,28489.158432527875,6.15909707986243e6,5.0
173.0,3.927373463400745,28483.057820002967,6.158411050536279e6,5.0
174.0,3.9272946565017004,28476.958334487936,6.157727443561191e6,5.0
175.0,3.927215475235747,28470.85995775785,6.157046405770118e6,5.0
176.0,3.9271358784812382,28464.762672187553,6.156368076278794e6,5.0
177.0,3.9270558724512026,28458.6664608481,6.1556925844222065e6,5.0
178.0,3.926975417130232,28452.571307362756,6.155020052581499e6,5.0
179.0,3.9268945187788358,28446.477196001833,6.154350594157021e6,5.0
180.0,3.9268131384522444,28440.38411154354,6.153684316299184e6,5.0
181.0,3.9267312824545044,28434.292039367236,6.153021317916303e6,5.0
182.0,3.9266489128792124,28428.200965319047,6.152361692312911e6,5.0
183.0,3.9265660360721153,28422.110875803402,6.151705525235166e6,5.0
184.0,3.926482615136053,28416.021757653314,6.151052897418095e6,5.0
185.0,3.9263986564585878,28409.933598220214,6.150403882668612e6,5.0
186.0,3.926314124125422,28403.846385248504,6.149758550329226e6,5.0
187.0,3.926229024567798,28397.760106963917,6.149116963393947e6,5.0
188.0,3.9261433228305163,28391.674751952185,6.148479180892494e6,5.0
189.0,3.926057025391972,28385.590309245737,6.14784525604278e6,5.0
190.0,3.925970098234558,28379.506768206356,6.1472152385569215e6,5.0
191.0,3.925882547888611,28373.424118610328,6.14658917282851e6,5.0
192.0,3.9257943412548366,28367.34235053495,6.145967100164656e6,5.0
193.0,3.925705484921438,28361.261454441978,6.145349057009424e6,5.0
194.0,3.92561594669002,28355.181421067868,6.144735077103554e6,5.0
195.0,3.9255257332135844,28349.102241505687,6.144125189743165e6,5.0
196.0,3.9254348131789225,28343.023907098748,6.143519421872348e6,5.0
197.0,3.9253431933115954,28336.946409521115,6.142917796375278e6,5.0
198.0,3.9252508431693167,28330.86974067448,6.142320334102831e6,5.0
199.0,3.9251577695586044,28324.79389276713,6.141727052201821e6,5.0
200.0,3.925063942895167,28318.718858214193,6.141137966075988e6,5.0
201.0,3.9249693700753006,28312.64462971493,6.140553087749515e6,5.0
202.0,3.9248740223608745,28306.571200156108,6.139972427770021e6,5.0
203.0,3.9247779067471407,28300.498562687848,6.139395993603768e6,5.0
204.0,3.924680995331195,28294.42671062994,6.13882379148017e6,5.0
205.0,3.924583295216522,28288.355637546167,6.138255824822349e6,5.0
206.0,3.924484779325272,28282.285337153542,6.137692096035028e6,5.0
207.0,3.92438545487852,28276.21580339515,6.137132604965973e6,5.0
208.0,3.924285295613819,28270.14703035208,6.136577350643699e6,5.0
209.0,3.9241843088790236,28264.07901231486,6.136026329769867e6,5.0
210.0,3.9240824692178933,28258.01174369802,6.1354795384050235e6,5.0
211.0,3.9239797841139925,28251.945219110148,6.134936970492523e6,5.0
212.0,3.9238762289083593,28245.879433270893,6.134398619496206e6,5.0
213.0,3.9237718112288045,28239.814381079694,6.13386447695535e6,5.0
214.0,3.9236665072048584,28233.750057535217,6.133334534073814e6,5.0
215.0,3.923560324616679,28227.68645780268,6.132808780305286e6,5.0
216.0,3.9234532403734628,28221.62357713561,6.132287204899823e6,5.0
217.0,3.9233452624152005,28215.561410941846,6.1317697955174465e6,5.0
218.0,3.9232363684218936,28209.499954707575,6.131256539729229e6,5.0
219.0,3.923126566500198,28203.43920406201,6.1307474236606285e6,5.0
220.0,3.9230158350918463,28197.3791547035,6.130242433454611e6,5.0
221.0,3.9229041824762407,28191.319802462927,6.129741553940399e6,5.0
222.0,3.9227915878474886,28185.26114323205,6.129244770054152e6,5.0
223.0,3.9226780596630455,28179.203173025435,6.128752065539905e6,5.0
224.0,3.9225635778596804,28173.145887910865,6.128263424331058e6,5.0
225.0,3.9224481510774214,28167.089284070124,6.127778829275174e6,5.0
226.0,3.9223317599855787,28161.033357731118,6.127298263482415e6,5.0
227.0,3.9222144134103,28154.978105227594,6.126821709075822e6,5.0
228.00000000000003,3.922096092742914,28148.92352293313,6.126349148501638e6,5.0
228.99999999999997,3.921976806998428,28142.869607319568,6.125880563309315e6,5.0
229.99999999999997,3.921856538279159,28136.816354892817,6.125415935425022e6,5.0
231.0,3.9217352957907545,28130.763762250073,6.124955245958529e6,5.0
232.0,3.921613062335018,28124.71182601742,6.124498476443244e6,5.0
233.0,3.921489847309153,28118.660542905873,6.124045607668011e6,5.0
234.0,3.9213656342024126,28112.6099096506,6.123596620884575e6,5.0
235.00000000000003,3.921240432603589,28106.55992306587,6.123151496664223e6,5.0
236.00000000000003,3.9211142266769152,28100.51057998583,6.122710216076733e6,5.0
236.99999999999997,3.920987026201898,28094.4618773184,6.122272759567302e6,5.0
237.99999999999997,3.9208588160047277,28088.41381198756,6.1218391081079645e6,5.0
239.0,3.9207296060539916,28082.36638098616,6.121409242098146e6,5.0
240.0,3.9205993818243687,28076.31958131971,6.120983142486176e6,5.0
241.0,3.92046815347104,28070.27341005809,6.120560789694122e6,5.0
242.0,3.920335907103297,28064.227864280856,6.120142164709739e6,5.0
243.00000000000003,3.9202026530596807,28058.182941127823,6.119727248036057e6,5.0
244.00000000000003,3.9200683780698213,28052.138637745742,6.119316020756376e6,5.0
244.99999999999997,3.919933092651694,28046.094951337953,6.118908463504128e6,5.0
245.99999999999997,3.919796784140584,28040.051879112347,6.118504557502714e6,5.0
247.0,3.9196594632293262,28034.009418330003,6.118104283558087e6,5.0
248.0,3.919521117843895,28027.967566254476,6.11770762307251e6,5.0
249.0,3.9193817588468205,28021.926320199436,6.117314557058093e6,5.0
250.0,3.9192413747395323,28015.88567747922,6.11692506712717e6,5.0
251.00000000000003,3.9190999765485004,28009.84563545546,6.116539134526352e6,5.0
252.00000000000003,3.9189575533351806,28003.806191488886,6.116156741103043e6,5.0
252.99999999999997,3.9188141162837935,27997.767342985026,6.115777868360021e6,5.0
254.0,3.9186696550001607,27991.729087347165,6.115402498398663e6,5.0
255.0,3.918524180819632,27985.69142202103,6.115030612995668e6,5.0
256.0,3.9183776838766633,27979.654344448998,6.114662194522023e6,5.0
257.0,3.918230175650739,27973.61785211385,6.114297225038537e6,5.0
258.0,3.9180816467891,27967.58194249402,6.113935687196304e6,5.0
259.0,3.9179321089081163,27961.546613106526,6.113577563349693e6,5.0
260.0,3.9177815531519085,27955.5118614632,6.113222836435697e6,5.0
261.0,3.9176299912662174,27949.47768511281,6.112871489106718e6,5.0
262.0,3.917477414876224,27943.44408159829,6.112523504589152e6,5.0
263.0,3.9173238358492526,27937.41104849801,6.112178865834493e6,5.0
264.0,3.9171692462757868,27931.37858338395,6.111837556360084e6,5.0
265.0,3.9170136581368813,27925.34668386225,6.11149955941456e6,5.0
266.0,3.916857063972599,27919.31534753224,6.111164858803608e6,5.0
267.0,3.9166994758697564,27913.284572026194,6.110833438070962e6,5.0
268.0,3.9165408868024723,27907.25435496928,6.110505281305602e6,5.0
269.0,3.9163813089552635,27901.224694018525,6.110180372342129e6,5.0
270.0,3.9162207357209557,27895.195586823713,6.109858695546626e6,5.0
271.0,3.9160591793736925,27889.16703106547,6.10954023503674e6,5.0
272.0,3.9158966337098686,27883.13902441711,6.109224975449137e6,5.0
273.0,3.9157331110852356,27877.11156458186,6.1089129011770245e6,5.0
274.0,3.9155686056847996,27871.084649255623,6.108603997120237e6,5.0
275.0,3.915403129937945,27865.05827616347,6.108298247937108e6,5.0
276.0,3.9152366784036445,27859.032443023163,6.107995638780958e6,5.0
277.0,3.915069263577021,27853.00714758092,6.107696154566857e6,5.0
278.0,3.914900880376635,27846.982387575747,6.1073997806917485e6,5.0
279.0,3.914731541355548,27840.95816077446,6.107106502316526e6,5.0
280.0,3.9145612417778213,27834.934464936796,6.1068163050718205e6,5.0
281.0,3.9143899942468416,27828.911297849783,6.1065291743537625e6,5.0
282.0,3.9142177943584113,27822.888657293468,6.10624509601665e6,5.0
283.0,3.9140446547587207,27816.866541074705,6.105964055681178e6,5.0
284.0,3.913870571361899,27810.84494699359,6.105686039413994e6,5.0
285.0,3.913695556849613,27804.82387287651,6.105411033050254e6,5.0
286.0,3.913519607441223,27798.803316543366,6.1051390228581205e6,5.0
287.0,3.913342735846744,27792.78327583992,6.104869994877033e6,5.0
288.0,3.9131649385780443,27786.76374860565,6.104603935566566e6,5.0
289.0,3.912986228366536,27780.74473270552,6.104340831159529e6,5.0
290.0,3.9128066020042036,27774.726225998504,6.10408066829746e6,5.0
291.0,3.9126260722371318,27768.708226368697,6.103823433394808e6,5.0
292.0,3.9124446361253984,27762.690731694434,6.103569113266364e6,5.0
293.0,3.912262306423252,27756.673739878846,6.103317694500147e6,5.0
294.0,3.9120790804471897,27750.657248819596,6.10306916407296e6,5.0
295.0,3.9118949709533393,27744.641256438787,6.102823508738008e6,5.0
296.0,3.9117099755033182,27738.625760653384,6.102580715625141e6,5.0
297.0,3.911524106849043,27732.61075940444,6.102340771643711e6,5.0
298.0,3.911337362786289,27726.59625062818,6.102103664069284e6,5.0
299.0,3.911149756056971,27720.582232284643,6.101869379958075e6,5.0
300.0,3.9109612846804267,27714.568702329274,6.101637906723547e6,5.0
301.0,3.9107719613829097,27708.555658741046,6.101409231562256e6,5.0
302.0,3.910581784397116,27702.543099494622,6.101183342018887e6,5.0
303.0,3.9103907664282316,27696.531022587955,6.100960225422111e6,5.0
304.0,3.9101989059124307,27690.519426014904,6.100739869440586e6,5.0
305.0,3.9100062155286848,27684.508307792377,6.100522261529966e6,5.0
306.0,3.909812693907079,27678.49766593341,6.100307389477093e6,5.0
307.0,3.909618353695403,27672.48749847382,6.100095240858422e6,5.0
308.0,3.909423193708471,27666.477803445847,6.099885803573358e6,5.0
309.0,3.9092272265581856,27660.46857890419,6.099679065313855e6,5.0
310.0,3.9090304512351675,27654.459822900222,6.099475014087982e6,5.0
311.0,3.9088328803109293,27648.45153350751,6.09927363769838e6,5.0
312.0,3.908634512943353,27642.443708796513,6.099074924256726e6,5.0
313.0,3.908435361659256,27636.43634685964,6.098878861672286e6,5.0
314.0,3.9082354257755094,27630.429445786336,6.098685438157575e6,5.0
315.0,3.908034717770163,27624.423003687752,6.098494641725304e6,5.0
316.0,3.9078332371090947,27618.417018672313,6.098306460684829e6,5.0
317.0,3.907630996221736,27612.411488869824,6.098120883149867e6,5.0
318.0,3.907427994717351,27606.40641240754,6.097937897524344e6,5.0
319.0,3.907224244964956,27600.401787433853,6.097757492019551e6,5.0
320.0,3.9070197467119243,27594.39761209476,6.097579655131946e6,5.0
321.0,3.906814512267371,27588.393884557074,6.097404375169422e6,5.0
322.0,3.906608541507572,27582.390602985408,6.097231640719341e6,5.0
323.0,3.9064018466784707,27576.387765564887,6.097061440184243e6,5.0
324.0,3.9061944277784657,27570.38537047859,6.096893762240676e6,5.0
325.0,3.9059862969871157,27564.383415929773,6.096728595385834e6,5.0
326.0,3.9057774544183865,27558.38190011979,6.096565928385126e6,5.0
327.0,3.905567912182531,27552.380821269926,6.096405749828033e6,5.0
328.0,3.9053576705027555,27546.38017759958,6.096248048569318e6,5.0
329.0,3.905146741417173,27540.37996734783,6.096092813291396e6,5.0
330.0,3.9049351252521878,27534.38018875199,6.095940032937085e6,5.0
331.0,3.9047228339711206,27528.380840068712,6.095789696281898e6,5.0
332.0,3.904509867997732,27522.381919552932,6.095641792358656e6,5.0
333.0,3.904296239218061,27516.38342547869,6.095496310035164e6,5.0
334.0,3.9040819481476285,27510.385356118335,6.095353238433834e6,5.0
335.0,3.9038670065928303,27504.387709763007,6.0952125665172e6,5.0
336.0,3.9036514151555513,27498.39048470224,6.09507428349785e6,5.0
337.0,3.903435185560363,27492.393679243985,6.094938378433365e6,5.0
338.0,3.9032183184903446,27486.39729169468,6.094804840628296e6,5.0
339.0,3.9030008255861386,27480.401320378845,6.094673659236095e6,5.0
340.0,3.902782707607066,27474.40576361952,6.094544823654983e6,5.0
341.0,3.9025639761079107,27468.41061975751,6.094418323135663e6,5.0
342.0,3.902344631919445,27462.415887132152,6.09429414717068e6,5.0
343.0,3.90212468650878,27456.42156410023,6.094172285110355e6,5.0
344.0,3.901904140773567,27450.427649017063,6.094052726543833e6,5.0
345.0,3.9016830060915546,27444.434140255107,6.093935460921463e6,5.0
346.0,3.901461283422841,27438.441036185326,6.093820477931758e6,5.0
347.0,3.901238984054249,27432.4483351955,6.093707767127941e6,5.0
348.0,3.901016109004119,27426.45603567189,6.093597318299043e6,5.0
349.0,3.900792669466842,27420.464136017283,6.093489121102378e6,5.0
350.0,3.9005686665149457,27414.472634632937,6.093383165429364e6,5.0
351.0,3.90034411124904,27408.481529936256,6.093279441044835e6,5.0
352.0,3.9001190047919656,27402.490820343104,6.093177937945115e6,5.0
353.0,3.8998933581492614,27396.500504285148,6.093078646004026e6,5.0
354.0,3.899667172490326,27390.51058019252,6.092981555324837e6,5.0
355.0,3.8994404587245035,27384.521046510785,6.09288665589296e6,5.0
356.0,3.8992132180641406,27378.53190168395,6.092793937920324e6,5.0
357.0,3.8989854613213044,27372.54314417108,6.092703391507348e6,5.0
358.0,3.898757189747849,27366.554772429667,6.092615006977798e6,5.0
359.0,3.8985284140576066,27360.566784931973,6.092528774546452e6,5.0
360.0,3.8982991355386427,27354.57918014855,6.092444684652331e6,5.0
361.0,3.8980693648055946,27348.591956564385,6.092362727629543e6,5.0
362.0,3.8978391031796096,27342.605112662764,6.092282894032688e6,5.0
363.0,3.8976083611753625,27336.618646941024,6.092205174316667e6,5.0
364.0,3.897377140143973,27330.63255789471,6.092129559156305e6,5.0
365.0,3.8971454504993996,27324.646844033145,6.092056039129253e6,5.0
366.0,3.896913293619888,27318.66150386379,6.091984605030804e6,5.0
367.0,3.8966806798180023,27312.67653590747,6.0919152475651065e6,5.0
368.0,3.8964476104962835,27306.691938683103,6.0918479576526405e6,5.0
369.0,3.896214095865334,27300.70771072269,6.0917827261243e6,5.0
370.0,3.895980137349308,27294.72385055621,6.091719544026652e6,5.0
371.0,3.8957457450563178,27288.74035672635,6.091658402321647e6,5.0
372.0,3.8955109204295795,27282.757227773745,6.091599292185281e6,5.0
373.0,3.895275673474232,27276.77446225139,6.091542204711049e6,5.0
374.0,3.8950400056501144,27270.79205871012,6.091487131206739e6,5.0
375.0,3.894803926858991,27264.810015712836,6.091434062901055e6,5.0
376.0,3.8945674385749327,27258.828331820132,6.091382991235289e6,5.0
377.0,3.894330550596046,27252.847005604395,6.091333907575144e6,5.0
378.0,3.8940932644083874,27246.866035635576,6.091286803498022e6,5.0
379.0,3.89385558970605,27240.885420495066,6.09124167050932e6,5.0
380.0,3.893617527984954,27234.905158761772,6.091198500324168e6,5.0
381.0,3.8933790888349735,27228.925249025673,6.091157284590266e6,5.0
382.0,3.8931402737598018,27222.9456898742,6.091118015162681e6,5.0
383.0,3.892901092244939,27216.96647990548,6.091080683832955e6,5.0
384.0,3.8926615457998386,27210.987617714974,6.091045282600002e6,5.0
385.0,3.8924216438055166,27205.00910190859,6.091011803400102e6,5.0
386.0,3.892181387775319,27199.030931089404,6.090980238377647e6,5.0
387.0,3.891940786985681,27193.053103870632,6.090950579617159e6,5.0
388.0,3.8916998429520113,27187.075618862542,6.090922819408912e6,5.0
389.0,3.89145856484616,27181.098474685197,6.0908969499884425e6,5.0
390.0,3.8912169541838604,27175.12166995562,6.090872963795079e6,5.0
391.0,3.890975020032379,27169.14520330029,6.090850853217002e6,5.0
392.0,3.890732763906139,27163.169073342542,6.0908306108442275e6,5.0
393.0,3.890490194767852,27157.193278714843,6.090812229218963e6,5.0
394.0,3.89024731412906,27151.217818046403,6.090795701084354e6,5.0
395.0,3.890004130848022,27145.242689975203,6.0907810191394035e6,5.0
396.0,3.889760646431875,27139.26789313585,6.090768176282672e6,5.0
397.0,3.8895168696345563,27133.293426171454,6.090757165370607e6,5.0
398.0,3.889272801957364,27127.31928772158,6.090747979459301e6,5.0
399.0,3.889028452050072,27121.345476433973,6.090740611565334e6,5.0
400.0,3.8887838214067623,27115.371990952743,6.090735054903712e6,5.0
401.0,3.8885389185732615,27109.398829929803,6.0907313026532745e6,5.0
402.0,3.8882937450350994,27103.425992013315,6.090729348190705e6,5.0
403.0,3.8880483092343945,27097.453475858947,6.090729184858563e6,5.0
404.0,3.8878026126468903,27091.48128011845,6.09073080619644e6,5.0
405.0,3.887556663611233,27085.509403450786,6.090734205712893e6,5.0
406.0,3.8873104635922187,27079.537844510865,6.090739377112213e6,5.0
407.0,3.887064020825277,27073.56660196045,6.090746314071888e6,5.0
408.0,3.8868173367631247,27067.595674457134,6.090755010462859e6,5.0
409.0,3.886570419538354,27061.62506066506,6.090765460131225e6,5.0
410.0,3.886323270590453,27055.654759243993,6.090777657118651e6,5.0
411.0,3.886075897949532,27049.684768859977,6.090791595442201e6,5.0
412.0,3.885828303040855,27043.715088174537,6.090807269314348e6,5.0
413.0,3.885580493792389,27037.745715855115,6.090824672926955e6,5.0
414.0,3.885332471614208,27031.776650564494,6.090843800664683e6,5.0
415.0,3.885084244332546,27025.807890971075,6.090864646894845e6,5.0
416.0,3.884835813341337,27019.839435738395,6.090887206178204e6,5.0
417.0,3.8845871863655033,27013.87128353528,6.0909114730601255e6,5.0
418.0,3.884338364781955,27007.90343302561,6.090937442277555e6,5.0
419.0,3.88408935621474,27001.93588287817,6.090965108555381e6,5.0
420.0,3.8838401620229193,26995.968631756587,6.090994466811454e6,5.0
421.0,3.8835907897301194,26990.001678329154,6.091025511951975e6,5.0
422.0,3.8833412406767573,26984.03502125878,6.091058239076107e6,5.0
423.0,3.8830915222864895,26978.068659212684,6.091092643275197e6,5.0
424.0,3.882841635880369,26972.10259085259,6.091128719831347e6,5.0
425.0,3.8825915887825797,26966.136814844165,6.0911664640226755e6,5.0
426.0,3.8823413822940673,26960.171329847384,6.091205871317648e6,5.0
427.0,3.8820910236400903,26954.206134525837,6.091246937183433e6,5.0
428.0,3.8818405141007886,26948.241227537226,6.091289657277063e6,5.0
429.0,3.881589860803011,26942.27660754256,6.091334027256462e6,5.0
430.0,3.881339065005486,26936.312273196716,6.091380042970568e6,5.0
431.0,3.8810881337371805,26930.34822315757,6.091427700270837e6,5.0
432.0,3.8808370682347992,26924.384456076652,6.091476995199899e6,5.0
433.0,3.8805858754299782,26918.420970608102,6.091527923806409e6,5.0
434.0,3.8803345565368486,26912.45776539961,6.091580482328077e6,5.0
435.0,3.880083118390294,26906.49483910105,6.0916346670131115e6,5.0
436.0,3.8798315621813044,26900.532190355574,6.0916904742995165e6,5.0
437.0,3.879579894648596,26894.569817808246,6.091747900637588e6,5.0
438.0,3.879328116959526,26888.607720097178,6.091806942666595e6,5.0
439.0,3.87907623575722,26882.64589586199,6.091867597042176e6,5.0
440.0,3.8788242521849257,26876.68434373516,6.091929860609105e6,5.0
441.0,3.8785721727907916,26870.72306235027,6.09199373023146e6,5.0
442.0,3.878319998693505,26864.762050333527,6.092059202962284e6,5.0
443.0,3.878067736346845,26858.801306311885,6.092126275877273e6,5.0
444.0,3.877815386844503,26852.84082890464,6.092194946241899e6,5.0
445.0,3.87756295654651,26846.880616731476,6.092265211346564e6,5.0
446.0,3.877310446521194,26840.92066840416,6.092337068671855e6,5.0
447.0,3.8770578630354353,26834.960982534467,6.092410515726552e6,5.0
448.0,3.876805207131831,26829.001557725955,6.092485550211082e6,5.0
449.0,3.8765524849847504,26823.042392581807,6.092562169856667e6,5.0
450.0,3.8762996976107065,26817.083485696705,6.092640372587166e6,5.0
450.99999999999994,3.876046851092201,26811.124835664585,6.09272015635893e6,5.0
451.9999999999999,3.87579394641932,26805.166441070527,6.09280151932413e6,5.0
452.9999999999999,3.875540989583362,26799.208300498492,6.092884459669632e6,5.0
453.99999999999983,3.8752879815476855,26793.250412523314,6.092968975778357e6,5.0
454.9999999999998,3.8750349282129966,26787.292775718208,6.09305506607314e6,5.0
455.9999999999997,3.8747818305156727,26781.335388646974,6.093142729172874e6,5.0
456.9999999999997,3.874528694266486,26775.37824987142,6.093231963739128e6,5.0
457.99999999999966,3.8742755203745536,26769.42135794355,6.093322768632219e6,5.0
458.9999999999996,3.874022314561352,26763.46471141293,6.093415142758484e6,5.0
459.99999999999955,3.8737690777085008,26757.508308819,6.093509085223491e6,5.0
460.99999999999955,3.873515815448863,26751.552148698313,6.093604595183232e6,5.0
461.9999999999995,3.8732625286362983,26745.596229576924,6.093701671994717e6,5.0
462.99999999999943,3.873009222815707,26739.640549977543,6.093800315069128e6,5.0
463.9999999999994,3.872755898813019,26733.685108412054,6.093900524019238e6,5.0
464.9999999999994,3.872502562085802,26727.729903388445,6.094002298517121e6,5.0
465.9999999999993,3.872249213431833,26721.774933403532,6.094105638437747e6,5.0
466.99999999999926,3.8719958582220326,26715.820196949746,6.094210543719862e6,5.0
467.9999999999992,3.871742497225867,26709.865692507938,6.094317014507474e6,5.0
468.99999999999915,3.87148913572823,26703.911418554075,6.094425051011139e6,5.0
469.99999999999915,3.871235774470076,26697.95737355211,6.094534653650013e6,5.0
470.9999999999991,3.8709824186509736,26692.003555960615,6.094645822914194e6,5.0
471.99999999999903,3.870729068983234,26686.049964225742,6.094758559503278e6,5.0
472.999999999999,3.870475730581707,26680.09659678764,6.094872864194486e6,5.0
473.999999999999,3.8702224041299083,26674.143452073644,6.094988737976245e6,5.0
474.9999999999989,3.869969094658638,26668.19052850457,6.095106181918026e6,5.0
475.99999999999886,3.8697158028224745,26662.237824487893,6.0952251973043345e6,5.0
476.9999999999988,3.869462533568843,26656.285338424037,6.095345785505204e6,5.0
477.9999999999988,3.869209287523222,26650.33306869956,6.095467948109612e6,5.0
478.99999999999875,3.8689560695502916,26644.381013693397,6.095591686795803e6,5.0
479.9999999999987,3.868702880246372,26638.429171770164,6.095717003463904e6,5.0
480.99999999999864,3.868449724394028,26632.477541286204,6.0958439001087705e6,5.0
481.99999999999864,3.868196602560274,26626.526120582963,6.095972378952181e6,5.0
482.9999999999986,3.867943519446189,26620.574907993043,6.096102442313987e6,5.0
483.9999999999985,3.867690475589408,26614.62390183365,6.096234092744059e6,5.0
484.99999999999847,3.8674374756101604,26608.673100412423,6.096367332897915e6,5.0
485.9999999999984,3.8671845200166084,26602.722502021068,6.096502165662802e6,5.0
486.9999999999984,3.866931613348737,26596.772104941087,6.096638594038126e6,5.0
487.99999999999835,3.86667875608513,26590.821907437366,6.096776621260489e6,5.0
488.9999999999983,3.8664259526861824,26584.871907763976,6.096916250682314e6,5.0
489.99999999999824,3.8661732036008147,26578.922104157762,6.097057485897695e6,5.0
490.99999999999824,3.8659205132104213,26572.972494844,6.097200330624205e6,5.0
491.9999999999982,3.865667881934186,26567.023078030114,6.097344788824349e6,5.0
492.9999999999981,3.8654153140750926,26561.073851911202,6.097490864591279e6,5.0
493.99999999999807,3.8651628100225386,26555.124814663897,6.097638562267395e6,5.0
494.99999999999807,3.8649103740016972,26549.175964451726,6.097787886330957e6,5.0
495.999999999998,3.8646580063720606,26543.22729941903,6.097938841516393e6,5.0
496.99999999999795,3.8644057112816115,26537.278817696264,6.098091432700837e6,5.0
497.9999999999979,3.8641534890598805,26531.330517394017,6.098245665021259e6,5.0
498.99999999999784,3.863901343778206,26525.38239660814,6.098401543765556e6,5.0
499.99999999999784,3.863649275736101,26519.434453413884,6.098559074486593e6,5.0
500.9999999999978,3.863397288928835,26513.48668587091,6.098718262895578e6,5.0
501.9999999999977,3.863145383625816,26507.53909201749,6.098879114975197e6,5.0
502.99999999999767,3.8628935637468125,26501.59166987548,6.099041636872517e6,5.0
503.99999999999767,3.862641829531065,26495.644417444484,6.099205835013323e6,5.0
504.9999999999976,3.8623901848233957,26489.69733270684,6.099371715995518e6,5.0
505.99999999999756,3.862138629832781,26483.750413621772,6.099539286701597e6,5.0
506.9999999999975,3.861887168329663,26477.803658130277,6.09970855419472e6,5.0
507.9999999999975,3.8616358004926736,26471.85706414938,6.099879525830292e6,5.0
508.99999999999744,3.861384530018366,26465.910629576956,6.100052209150821e6,5.0
509.9999999999974,3.8611333570550244,26459.96435228598,6.100226611998719e6,5.0
510.9999999999973,3.8608822852258067,26454.018230129244,6.100402742413354e6,5.0
511.9999999999973,3.8606313146485305,26448.07226093374,6.100580608740025e6,5.0
512.9999999999973,3.8603804488735007,26442.126442505214,6.100760219531008e6,5.0
513.9999999999973,3.8601296879879783,26436.180772622636,6.100941583652166e6,5.0
514.9999999999972,3.859879035469909,26430.235249042704,6.101124710184074e6,5.0
515.9999999999972,3.8596284913759438,26424.289869494296,6.1013096085304255e6,5.0
516.999999999997,3.8593780591121085,26418.344631682878,6.10149628831989e6,5.0
517.999999999997,3.859127738704348,26412.39953328508,6.10168475951102e6,5.0
518.999999999997,3.8588775334872847,26406.454571952992,6.101875032298089e6,5.0
519.9999999999969,3.8586274434560415,26400.509745308755,6.10206711721397e6,5.0
520.9999999999969,3.858377471874267,26394.565050948764,6.102261025037765e6,5.0
521.9999999999968,3.858127618706212,26388.62048643837,6.102456766895565e6,5.0
522.9999999999968,3.857877887144959,26382.676049315938,6.102654354171507e6,5.0
523.9999999999968,3.8576282771237818,26376.7317370876,6.102853798605587e6,5.0
524.9999999999967,3.8573787917656555,26370.787547231284,6.103055112205868e6,5.0
525.9999999999967,3.8571294309727358,26364.8434771914,6.103258307348245e6,5.0
526.9999999999967,3.8568801977983083,26358.89952438286,6.103463396687271e6,5.0
527.9999999999966,3.856631092113315,26352.955686185873,6.103670393253883e6,5.0
528.9999999999966,3.8563821169017305,26347.011959949723,6.103879310371276e6,5.0
529.9999999999965,3.8561332720031665,26341.068342987644,6.104090161750194e6,5.0
530.9999999999965,3.855884560332661,26335.124832580623,6.104302961404871e6,5.0
531.9999999999965,3.855635981698384,26329.181425972252,6.104517723747356e6,5.0
532.9999999999964,3.8553875389468146,26323.238120372393,6.10473446350582e6,5.0
533.9999999999964,3.8551392318544924,26317.294912952082,6.104953195820172e6,5.0
534.9999999999962,3.8548910631997275,26311.35180084721,6.105173936156537e6,5.0
535.9999999999962,3.854643032727311,26305.40878115336,6.105396700405005e6,5.0
536.9999999999962,3.8543951431476633,26299.465850929366,6.105621504797032e6,5.0
537.9999999999961,3.854147394173726,26293.52300719234,6.105848365998702e6,5.0
538.9999999999961,3.8538997884483264,26287.580246921014,6.106077301031888e6,5.0
539.9999999999961,3.853652325652365,26281.637567050828,6.106308327365799e6,5.0
540.999999999996,3.853405008361444,26275.69496447727,6.10654146283854e6,5.0
541.999999999996,3.853157836224225,26269.752436050865,6.106776725749483e6,5.0
542.9999999999959,3.852910811749364,26263.809978580528,6.107014134781727e6,5.0
543.9999999999959,3.852663934553135,26257.867588828532,6.10725370909307e6,5.0
544.9999999999959,3.852417207077491,26251.92526351379,6.107495468239781e6,5.0
545.9999999999958,3.852170628906151,26245.982999306907,6.107739432266024e6,5.0
546.9999999999958,3.851924202414637,26240.04079283328,6.107985621631298e6,5.0
547.9999999999957,3.8516779271538804,26234.098640668246,6.108234057296272e6,5.0
548.9999999999957,3.8514318054332266,26228.156539340085,6.108484760653073e6,5.0
549.9999999999957,3.8511858367706497,26222.214485325218,6.108737753610398e6,5.0
550.9999999999956,3.8509400234095343,26216.272475051086,6.108993058522896e6,5.0
551.9999999999956,3.8506943648346663,26210.330504891328,6.1092506982795475e6,5.0
552.9999999999956,3.850448863223669,26204.388571168733,6.109510696229703e6,5.0
553.9999999999955,3.850203518027956,26198.44667015036,6.109773076272513e6,5.0
554.9999999999955,3.8499583313596006,26192.504798050326,6.110037862786156e6,5.0
555.9999999999953,3.8497133026363763,26186.56295102502,6.110305080714901e6,5.0
556.9999999999953,3.849468433904987,26180.621125175876,6.110574755497927e6,5.0
557.9999999999953,3.8492237245493564,26174.679316544567,6.110846913155654e6,5.0
558.9999999999952,3.848979176551001,26168.737521115592,6.111121580224998e6,5.0
559.9999999999952,3.848734789259711,26162.795734811618,6.111398783839019e6,5.0
560.9999999999952,3.848490564592,26156.853953496004,6.111678551663646e6,5.0
561.9999999999951,3.848246501863288,26150.912172968012,6.111960911981563e6,5.0
562.9999999999951,3.848002602925168,26144.9703889654,6.112245893624772e6,5.0
563.999999999995,3.847758867058492,26139.02859715966,6.112533526058893e6,5.0
564.999999999995,3.8475152960500654,26133.086793158414,6.1128238393195495e6,5.0
565.999999999995,3.8472718891458833,26127.144972500722,6.113116864093583e6,5.0
566.9999999999949,3.847028648068093,26121.20313065944,6.1134126316561615e6,5.0
567.9999999999949,3.8467855720275597,26115.261263036544,6.113711173951996e6,5.0
568.9999999999948,3.8465426626818817,26109.31936496537,6.114012523534327e6,5.0
569.9999999999948,3.8462999192065292,26103.37743170598,6.114316713644426e6,5.0
570.9999999999948,3.8460573431946736,26097.435458447366,6.114623778150427e6,5.0
571.9999999999947,3.845814933786104,26091.49344030271,6.114933751629174e6,5.0
572.9999999999947,3.845572692509618,26085.55137231166,6.115246669304416e6,5.0
573.9999999999947,3.84533061846907,26079.60924943558,6.11556256712588e6,5.0
574.9999999999945,3.8450887131290266,26073.66706655969,6.11588148171105e6,5.0
575.9999999999945,3.8448469755570667,26067.72481848832,6.116203450424732e6,5.0
576.9999999999944,3.8446054071535762,26061.78249994709,6.116528511317967e6,5.0
577.9999999999944,3.8443640069496654,26055.840105578158,6.116856703207945e6,5.0
578.9999999999944,3.8441227762815844,26049.897629942217,6.1171880656206515e6,5.0
579.9999999999943,3.8438817141436634,26043.95506751389,6.117522638866381e6,5.0
580.9999999999943,3.8436408218081435,26038.012412683605,6.117860463985238e6,5.0
581.9999999999942,3.8434000982322827,26032.069659753004,6.118201582822087e6,5.0
582.9999999999942,3.8431595446243554,26026.12680293679,6.118546037971555e6,5.0
583.9999999999942,3.842919159904343,26020.183836358112,6.118893872853226e6,5.0
584.9999999999941,3.8426789452165906,26014.240754050395,6.119245131656893e6,5.0
585.9999999999941,3.8424388994435175,26008.297549952706,6.119599859417669e6,5.0
586.9999999999941,3.8421990236656707,26002.354217911536,6.119958101961243e6,5.0
587.999999999994,3.8419593167276345,25996.410751676256,6.1203199059772715e6,5.0
588.999999999994,3.841719779646232,25990.467144900722,6.120685318967983e6,5.0
589.9999999999939,3.8414804112279914,25984.523391138824,6.121054389318956e6,5.0
590.9999999999939,3.8412412124261004,25978.57948384604,6.121427166248543e6,5.0
591.9999999999939,3.841002182008807,25972.635416374986,6.121803699877912e6,5.0
592.9999999999937,3.840763320865748,25966.691181976938,6.122184041181369e6,5.0
593.9999999999937,3.8405246277266887,25960.746773797393,6.1225682420551e6,5.0
594.9999999999936,3.840286103417842,25954.802184877564,6.122956355267647e6,5.0
595.9999999999936,3.840047746630301,25948.857408149976,6.123348434529383e6,5.0
596.9999999999936,3.8398095581269853,25942.912436439867,6.12374453444186e6,5.0
597.9999999999935,3.8395715365601495,25936.967262460832,6.124144710566953e6,5.0
598.9999999999935,3.8393336826295306,25931.021878816242,6.124549019377014e6,5.0
599.9999999999935,3.839095994948431,25925.076277994864,6.124957518322067e6,5.0
600.9999999999934,3.8388584741536054,25919.130452372272,6.1253702657812685e6,5.0
601.9999999999934,3.8386211188192547,25913.184394206433,6.1257873211296955e6,5.0
602.9999999999933,3.838383929519343,25907.238095639186,6.126208744687924e6,5.0
603.9999999999933,3.838146904788881,25901.29154869183,6.12663459778988e6,5.0
604.9999999999933,3.837910045139283,25895.34474526655,6.1270649427312855e6,5.0
605.9999999999932,3.837673349066333,25889.39767714206,6.127499842838395e6,5.0
606.9999999999932,3.837436817019124,25883.450335975016,6.127939362414493e6,5.0
607.9999999999932,3.837200447454198,25877.50271329569,6.128383566807973e6,5.0
608.9999999999931,3.836964240758613,25871.554800509377,6.128832522361202e6,5.0
609.9999999999931,3.836728195349712,25865.606588892115,6.129286296473632e6,5.0
610.999999999993,3.8364923115528353,25859.658069592086,6.129744957553425e6,5.0
611.999999999993,3.8362565877462074,25853.70923362541,6.130208575079195e6,5.0
612.999999999993,3.8360210241938235,25847.760071877445,6.130677219550316e6,5.0
613.9999999999928,3.8357856192348776,25841.810575098712,6.131150962549322e6,5.0
614.9999999999928,3.8355503730724574,25835.86073390621,6.1316298766905805e6,5.0
615.9999999999927,3.8353152840069207,25829.910538779368,6.13211403568205e6,5.0
616.9999999999927,3.835080352180849,25823.959980061354,6.132603514273703e6,5.0
617.9999999999927,3.834845575856028,25818.00904795513,6.133098388316675e6,5.0
618.9999999999926,3.834610955115068,25812.057732524725,6.133598734715033e6,5.0
619.9999999999926,3.8343764881814044,25806.1060236914,6.134104631480036e6,5.0
620.9999999999926,3.8341421750783025,25800.153911234916,6.134616157682227e6,5.0
621.9999999999925,3.8339080139911847,25794.20138478978,6.135133393505688e6,5.0
622.9999999999925,3.83367400488455,25788.24843384651,6.135656420199251e6,5.0
623.9999999999924,3.833440145906256,25782.295047747997,6.136185320128458e6,5.0
624.9999999999924,3.8332064369627603,25776.341215690813,6.136720176726211e6,5.0
625.9999999999924,3.8329728761648054,25770.386926721574,6.137261074545297e6,5.0
626.9999999999923,3.832739463361518,25764.432169738353,6.137808099206595e6,5.0
627.9999999999923,3.8325061966271132,25758.47693348715,6.138361337449894e6,5.0
628.9999999999922,3.8322730757542383,25752.521206563277,6.13892087708234e6,5.0
629.9999999999922,3.8320400987811514,25746.56497740795,6.139486807028118e6,5.0
630.9999999999922,3.8318072654449513,25740.608234309773,6.140059217275344e6,5.0
631.999999999992,3.83157457374864,25734.650965401343,6.140638198923641e6,5.0
632.999999999992,3.8313420233746833,25728.693158660804,6.14122384413208e6,5.0
633.999999999992,3.831109612291667,25722.73480190866,6.141816246163494e6,5.0
634.9999999999919,3.830877340128469,25716.77588280928,6.14241549933203e6,5.0
635.9999999999919,3.8306452048200414,25710.81638886778,6.143021699046312e6,5.0
636.9999999999918,3.8304132059428473,25704.856307431757,6.143634941755187e6,5.0
637.9999999999918,3.830181341399174,25698.8956256882,6.144255324988957e6,5.0
638.9999999999918,3.829949610714221,25692.93433066518,6.144882947307317e6,5.0
639.9999999999917,3.829718011758627,25686.97240922906,6.145517908334786e6,5.0
640.9999999999917,3.829486544007621,25681.009848086225,6.146160308708513e6,5.0
641.9999999999916,3.8292552053012963,25675.046633780323,6.146810250114825e6,5.0
642.9999999999916,3.8290239950662746,25669.082752694158,6.147467835232229e6,5.0
643.9999999999916,3.8287929111132826,25663.118191047048,6.148133167767977e6,5.0
644.9999999999915,3.8285619528217727,25657.15293489676,6.148806352401295e6,5.0
645.9999999999915,3.8283311179743618,25651.186970137063,6.149487494815633e6,5.0
646.9999999999915,3.828100405904856,25645.220282499708,6.150176701642228e6,5.0
647.9999999999914,3.8278698143691394,25639.25285755215,6.150874080490313e6,5.0
648.9999999999914,3.827639342656938,25633.284680699584,6.151579739889703e6,5.0
649.9999999999912,3.8274089884987768,25627.31573718284,6.152293789318966e6,5.0
650.9999999999912,3.8271787511420534,25621.346012080525,6.153016339146789e6,5.0
651.9999999999912,3.8269486282934464,25615.37549030701,6.153747500659012e6,5.0
652.9999999999911,3.8267186191597022,25609.404156614728,6.15448738599811e6,5.0
653.9999999999911,3.8264887214252674,25603.431995592266,6.155236108189101e6,5.0
654.9999999999911,3.8262589342580324,25597.458991666794,6.155993781077551e6,5.0
655.999999999991,3.8260292553218784,25591.485129102264,6.156760519354016e6,5.0
656.999999999991,3.825799683747731,25585.510392002,6.157536438490591e6,5.0
657.9999999999909,3.825570217180587,25579.534764307016,6.1583216547640385e6,5.0
658.9999999999909,3.8253408547163863,25573.558229798688,6.159116285191119e6,5.0
659.9999999999909,3.825111593983003,25567.58077209726,6.159920447549603e6,5.0
660.9999999999908,3.8248824340433893,25561.60237466458,6.160734260314575e6,5.0
661.9999999999908,3.824653372510153,25555.62302080281,6.161557842675139e6,5.0
662.9999999999907,3.8244244084152834,25549.642693657228,6.162391314470787e6,5.0
663.9999999999907,3.824195539358016,25543.661376215055,6.163234796207709e6,5.0
664.9999999999907,3.8239667643415216,25537.679051308445,6.164088408992965e6,5.0
665.9999999999906,3.8237380809535586,25531.695701613386,6.1649522745498065e6,5.0
666.9999999999906,3.8235094881705995,25525.711309652783,6.165826515151454e6,5.0
667.9999999999906,3.8232809835709483,25519.7258577956,6.166711253633797e6,5.0
668.9999999999905,3.8230525661065458,25513.739328259973,6.1676066133286925e6,5.0
669.9999999999905,3.8228242333482236,25507.751703112426,6.168512718077973e6,5.0
670.9999999999903,3.822595984225609,25501.762964271227,6.169429692161766e6,5.0
671.9999999999903,3.8223678163041064,25495.773093505635,6.170357660314295e6,5.0
672.9999999999903,3.822139728493226,25489.78207243934,6.1712967476527775e6,5.0
673.9999999999902,3.821911718355016,25483.789882549954,6.172247079687353e6,5.0
674.9999999999902,3.8216837847811265,25477.796505172453,6.173208782253163e6,5.0
675.9999999999901,3.821455925332289,25471.801921498754,6.174181981520194e6,5.0
676.9999999999901,3.8212281388845324,25465.806112581326,6.175166803921773e6,5.0
677.9999999999901,3.821000422999335,25459.809059332867,6.176163376166044e6,5.0
678.99999999999,3.8207727765393558,25453.81074252998,6.177171825163239e6,5.0
679.99999999999,3.8205451970689084,25447.81114281301,6.17819227803455e6,5.0
680.99999999999,3.8203176834394927,25441.810240689683,6.1792248620441165e6,5.0
681.9999999999899,3.820090233220306,25435.808016535146,6.180269704603429e6,5.0
682.9999999999899,3.819862845253905,25429.804450595682,6.181326933202823e6,5.0
683.9999999999898,3.8196355171164393,25423.799522988786,6.182396675417996e6,5.0
684.9999999999898,3.819408247643703,25417.793213706977,6.183479058841014e6,5.0
685.9999999999898,3.819181034420767,25411.785502617982,6.184574211084558e6,5.0
686.9999999999897,3.818953876278887,25405.77636946863,6.185682259713816e6,5.0
687.9999999999897,3.8187267708140604,25399.765793885043,6.18680333225203e6,5.0
688.9999999999897,3.818499716855071,25393.75375537656,6.187937556112154e6,5.0
689.9999999999895,3.818272712010811,25387.74023333614,6.189085058601012e6,5.0
690.9999999999895,3.8180457551097198,25381.725207044274,6.190245966851362e6,5.0
691.9999999999894,3.817818843775458,25375.708655669387,6.191420407827028e6,5.0
692.9999999999894,3.817591976838151,25369.690558271857,6.192608508256686e6,5.0
693.9999999999894,3.8173651519381546,25363.67089380451,6.193810394635317e6,5.0
694.9999999999893,3.8171383679092736,25357.649641116583,6.1950261931612585e6,5.0
695.9999999999893,3.8169116224103026,25351.626778954287,6.196256029738882e6,5.0
696.9999999999892,3.8166849142807258,25345.602285964902,6.197500029913273e6,5.0
697.9999999999892,3.8164582411995527,25339.57614069731,6.198758318874057e6,5.0
698.9999999999892,3.816231602013793,25333.548321606067,6.200031021392441e6,5.0
699.9999999999891,3.816004994424422,25327.51880705209,6.201318261824384e6,5.0
700.9999999999891,3.815778417287797,25321.487575306623,6.202620164047473e6,5.0
701.9999999999891,3.81555186832849,25315.45460455204,6.20393685146606e6,5.0
702.999999999989,3.8153253464140073,25309.41987288585,6.205268446947964e6,5.0
703.999999999989,3.815098849294113,25303.38335832144,6.206615072829859e6,5.0
704.9999999999889,3.814872375849169,25297.345038792144,6.207976850856088e6,5.0
705.9999999999889,3.814645923855671,25291.30489215198,6.209353902183726e6,5.0
706.9999999999889,3.8144194922084758,25285.26289617976,6.2107463473223e6,5.0
707.9999999999887,3.8141930787122926,25279.219028579835,6.2121543061398165e6,5.0
708.9999999999887,3.813966682278095,25273.173266986178,6.213577897802728e6,5.0
709.9999999999886,3.8137403007402084,25267.125588963194,6.215017240782214e6,5.0
710.9999999999886,3.8135139330272576,25261.075972009734,6.216472452797725e6,5.0
711.9999999999886,3.8132875770045565,25255.02439355998,6.217943650820487e6,5.0
712.9999999999885,3.8130612316198347,25248.97083098744,6.219430951019828e6,5.0
713.9999999999885,3.8128348947707185,25242.91526160579,6.220934468768145e6,5.0
714.9999999999885,3.8126085654254878,25236.857662672955,6.222454318584534e6,5.0
715.9999999999884,3.812382241515298,25230.798011391853,6.223990614145555e6,5.0
716.9999999999884,3.812155922030349,25224.736284914543,6.22554346822583e6,5.0
717.9999999999883,3.811929604936551,25218.672460342983,6.2271129927099645e6,5.0
718.9999999999883,3.8117032892473253,25212.606514733063,6.228699298537375e6,5.0
719.9999999999883,3.8114769729644915,25206.53842509554,6.230302495709643e6,5.0
720.9999999999882,3.8112506551259484,25200.46816839988,6.231922693239593e6,5.0
721.9999999999882,3.8110243337705163,25194.39572157527,6.233559999159932e6,5.0
722.9999999999881,3.8107980079618047,25188.32106151452,6.235214520470468e6,5.0
723.9999999999881,3.8105716757766896,25182.244165074986,6.236886363148535e6,5.0
724.9999999999881,3.810345336305651,25176.165009082433,6.238575632099142e6,5.0
725.999999999988,3.8101189876646346,25170.083570332088,6.240282431161577e6,5.0
726.999999999988,3.809892628972114,25163.999825592386,6.242006863064195e6,5.0
727.999999999988,3.809666258384067,25157.913751606004,6.243749029431097e6,5.0
728.9999999999878,3.8094398750480436,25151.82532509369,6.245509030735543e6,5.0
729.9999999999878,3.809213477160969,25145.73452275524,6.2472869663094785e6,5.0
730.9999999999877,3.808987063900506,25139.64132127334,6.249082934295645e6,5.0
731.9999999999877,3.808760633505409,25133.54569731449,6.250897031659792e6,5.0
732.9999999999877,3.8085341851844663,25127.447627532878,6.252729354142867e6,5.0
733.9999999999876,3.808307717219064,25121.347088571303,6.254579996272501e6,5.0
734.9999999999876,3.808081228850057,25115.244057065018,6.25644905131715e6,5.0
735.9999999999876,3.8078547184023126,25109.138509642667,6.258336611297908e6,5.0
736.9999999999875,3.807628185149627,25103.030422930053,6.26024276694419e6,5.0
737.9999999999875,3.8074016274610742,25096.919773551184,6.262167607703842e6,5.0
738.9999999999874,3.807175044644265,25090.806538131936,6.264111221701428e6,5.0
739.9999999999874,3.806948435113235,25084.690693301123,6.266073695748661e6,5.0
740.9999999999874,3.8067217982101695,25078.57221569412,6.268055115302779e6,5.0
741.9999999999873,3.8064951323946956,25072.45108195393,6.270055564478929e6,5.0
742.9999999999873,3.80626843704441,25066.32726873485,6.2720751260073185e6,5.0
743.9999999999872,3.8060417106650966,25060.20075270342,6.274113881247226e6,5.0
744.9999999999872,3.8058149526704557,25054.071510542148,6.276171910145303e6,5.0
745.9999999999872,3.805588161613024,25047.939518950454,6.278249291249084e6,5.0
746.999999999987,3.805361336943224,25041.804754648234,6.2803461016684715e6,5.0
747.999999999987,3.8051344772608453,25035.667194376965,6.282462417086726e6,5.0
748.999999999987,3.804907582053638,25029.526814903133,6.2845983117250325e6,5.0
749.9999999999869,3.8046806499690686,25023.383593019313,6.286753858353907e6,5.0
750.9999999999869,3.804453680532753,25017.237505547633,6.2889291282574395e6,5.0
751.9999999999868,3.8042266724401848,25011.088529340726,6.29112419124771e6,5.0
752.9999999999868,3.8039996252553006,25004.936641285218,6.293339115628458e6,5.0
753.9999999999868,3.8037725377219225,24998.78181830267,6.295573968209989e6,5.0
754.9999999999867,3.8035454094426937,24992.62403735294,6.297828814274973e6,5.0
755.9999999999867,3.803318239210002,24986.46327543513,6.300103717594232e6,5.0
756.9999999999866,3.803091026665472,24980.299509590892,6.302398740393439e6,5.0
757.9999999999866,3.8028637706501898,24974.132716905326,6.304713943369887e6,5.0
758.9999999999866,3.8026364708449933,24967.96287451021,6.3070493856604025e6,5.0
759.9999999999865,3.802409126139732,24961.789959584905,6.30940512485845e6,5.0
760.9999999999865,3.802181736254552,24955.61394935941,6.31178121698538e6,5.0
761.9999999999865,3.8019543001280387,24949.434821115286,6.314177716506958e6,5.0
762.9999999999864,3.801726817519727,24943.25255218861,6.3165946763069825e6,5.0
763.9999999999864,3.8014992874167555,24937.0671199708,6.319032147704953e6,5.0
764.9999999999862,3.8012717096179602,24930.87850191156,6.321490180430173e6,5.0
765.9999999999862,3.8010440831588372,24924.686675519555,6.323968822641947e6,5.0
766.9999999999862,3.8008164078773756,24918.491618365308,6.326468120904656e6,5.0
767.9999999999861,3.800588682857075,24912.29330808174,6.32898812021065e6,5.0
768.9999999999861,3.8003609079747758,24906.091722366975,6.331528863956298e6,5.0
769.9999999999861,3.800133082361577,24899.886838984872,6.334090393964548e6,5.0
770.999999999986,3.7999052059327774,24893.678635767617,6.336672750465132e6,5.0
771.999999999986,3.799677277866524,24887.467090616192,6.3392759721182035e6,5.0
772.9999999999859,3.799449298116106,24881.252181502834,6.341900095996393e6,5.0
773.9999999999859,3.799221265906042,24875.033886471425,6.344545157609511e6,5.0
774.9999999999859,3.798993181227025,24868.812183639802,6.34721119088873e6,5.0
775.9999999999858,3.79876504334917,24862.587051200044,6.349898228213715e6,5.0
776.9999999999858,3.798536852299877,24856.358467420665,6.352606300397642e6,5.0
777.9999999999857,3.7983086073939916,24850.12641064674,6.355335436716343e6,5.0
778.9999999999857,3.7980803086947863,24843.890859301962,6.358085664896265e6,5.0
779.9999999999857,3.7978519555608883,24837.651791888682,6.360857011144682e6,5.0
780.9999999999856,3.7976235480905096,24831.40918698979,6.363649500139759e6,5.0
781.9999999999856,3.7973950856849674,24825.163023268637,6.366463155061832e6,5.0
782.9999999999856,3.797166568476415,24818.91327947078,6.369297997586401e6,5.0
783.9999999999854,3.7969379959076814,24812.659934423704,6.3721540479175225e6,5.0
784.9999999999854,3.7967093681437447,24806.402967038506,6.375031324781545e6,5.0
785.9999999999853,3.7964806846676513,24800.14235630943,6.3779298454627795e6,5.0
786.9999999999853,3.7962519456760035,24793.878081315383,6.380849625799919e6,5.0
787.9999999999853,3.7960231506907474,24787.61012121939,6.383790680222033e6,5.0
788.9999999999852,3.7957942999387777,24781.338455269848,6.386753021748744e6,5.0
789.9999999999852,3.795565392979521,24775.063062799993,6.389736662025808e6,5.0
790.9999999999851,3.795336430068805,24768.783923228886,6.392741611328059e6,5.0
791.9999999999851,3.7951074108020038,24762.50101606073,6.395767878597356e6,5.0
792.9999999999851,3.7948783354624678,24756.214320885785,6.398815471446171e6,5.0
793.999999999985,3.794649203679934,24749.923817379473,6.401884396197747e6,5.0
794.999999999985,3.794420015763786,24743.62948530321,6.404974657890415e6,5.0
795.999999999985,3.7941907713765075,24737.33130450334,6.408086260319371e6,5.0
796.9999999999849,3.7939614708519596,24731.02925491181,6.411219206043286e6,5.0
797.9999999999849,3.7937321138837383,24724.723316544994,6.414373496426897e6,5.0
798.9999999999848,3.7935027008285744,24718.413469504216,6.417549131648911e6,5.0
799.9999999999848,3.7932732314094593,24712.09969397444,6.420746110745335e6,5.0
800.9999999999848,3.7930437060044424,24705.781970224707,6.423964431618933e6,5.0
801.9999999999847,3.792814124364185,24699.460278606657,6.427204091083929e6,5.0
802.9999999999847,3.792584486886385,24693.134599554836,6.430465084875308e6,5.0
803.9999999999845,3.792354793347673,24686.80491358517,6.433747407695883e6,5.0
804.9999999999845,3.7921250441637726,24680.47120129508,6.437051053225754e6,5.0
805.9999999999845,3.7918952391355574,24674.133443361923,6.4403760141680725e6,5.0
806.9999999999844,3.7916653786951464,24667.791620542914,6.443722282263311e6,5.0
807.9999999999844,3.7914354626659437,24661.445713673544,6.447089848332333e6,5.0
808.9999999999844,3.79120549149491,24655.095703667423,6.450478702290502e6,5.0
809.9999999999843,3.7909754650262295,24648.741571514503,6.453888833194751e6,5.0
810.9999999999843,3.790745383720074,24642.38329828095,6.457320229254171e6,5.0
811.9999999999842,3.790515247439854,24636.020865107286,6.4607728778785635e6,5.0
812.9999999999842,3.7902850566574013,24629.654253208115,6.464246765689914e6,5.0
813.9999999999842,3.7900548112536994,24623.283443870263,6.467741878568835e6,5.0
814.9999999999841,3.7898245117107487,24616.90841845235,6.471258201669786e6,5.0
815.9999999999841,3.789594157925546,24610.529158383037,6.4747957194621265e6,5.0
816.9999999999841,3.7893637503888047,24604.14564516045,6.478354415748043e6,5.0
817.999999999984,3.7891332890120673,24597.75786035037,6.481934273703187e6,5.0
818.999999999984,3.7889027742933763,24591.365785585695,6.485535275892885e6,5.0
819.9999999999839,3.78867220615733,24584.9694025645,6.489157404313763e6,5.0
820.9999999999839,3.7884415851080195,24578.568693049558,6.492800640407675e6,5.0
821.9999999999839,3.788210911081752,24572.16363886636,6.496464965103808e6,5.0
822.9999999999837,3.7879801845874144,24565.754221902596,6.500150358831156e6,5.0
823.9999999999837,3.7877494055717236,24559.340424106227,6.503856801558827e6,5.0
824.9999999999836,3.787518574547184,24552.922227484854,6.507584272810547e6,5.0
825.9999999999836,3.7872876914697335,24546.499614103916,6.511332751700253e6,5.0
826.9999999999836,3.7870567568544184,24540.072566086023,6.515102216947494e6,5.0
827.9999999999835,3.7868257706652435,24533.641065609118,6.518892646912607e6,5.0
828.9999999999835,3.786594733418801,24527.20509490589,6.522704019608947e6,5.0
829.9999999999835,3.786363645086142,24520.7646362619,6.5265363127384735e6,5.0
830.9999999999834,3.7861325061844693,24514.31967201511,6.530389503701361e6,5.0
831.9999999999834,3.785901316690906,24507.87018455393,6.534263569631356e6,5.0
832.9999999999833,3.785670077122418,24501.416156316795,6.538158487404897e6,5.0
833.9999999999833,3.7854387874613535,24494.957569790364,6.542074233672392e6,5.0
834.9999999999833,3.785207448223678,24488.494407509013,6.5460107848675e6,5.0
835.9999999999832,3.7849760593961306,24482.02665205314,6.54996811723752e6,5.0
836.9999999999832,3.784744621493018,24475.554286048642,6.553946206850555e6,5.0
837.9999999999831,3.7845131345047625,24469.077292165282,6.557945029625487e6,5.0
838.9999999999831,3.784281598943366,24462.59565311628,6.561964561336291e6,5.0
839.9999999999831,3.7840500148022906,24456.10935165669,6.566004777640713e6,5.0
840.999999999983,3.783818382590728,24449.618370583023,6.570065654084501e6,5.0
841.999999999983,3.783586702304567,24443.122692731686,6.574147166127387e6,5.0
842.999999999983,3.7833549744497117,24436.622300978634,6.5782492891476555e6,5.0
843.9999999999828,3.783123199023958,24430.117178237902,6.582371998465181e6,5.0
844.9999999999828,3.7828913765295025,24423.60730746134,6.586515269343887e6,5.0
845.9999999999827,3.782659506965591,24417.092671637136,6.59067907701593e6,5.0
846.9999999999827,3.7824275908303253,24410.573253789596,6.594863396681777e6,5.0
847.9999999999827,3.7821956281240117,24404.04903697777,6.59906820353286e6,5.0
848.9999999999826,3.781963619340309,24397.52000429526,6.603293472751402e6,5.0
849.9999999999826,3.781731564480216,24390.986138868913,6.607539179530215e6,5.0
850.9999999999825,3.781499464032679,24384.447423858637,6.611805299072867e6,5.0
851.9999999999825,3.7812673179990273,24377.903842456184,6.616091806613387e6,5.0
852.9999999999825,3.781035126863244,24371.35537788501,6.620398677412354e6,5.0
853.9999999999824,3.7808028906266853,24364.802013399058,6.62472588677849e6,5.0
854.9999999999824,3.780570609768157,24358.243732282703,6.629073410063603e6,5.0
855.9999999999824,3.7803382842887214,24351.680517849567,6.633441222681407e6,5.0
856.9999999999823,3.7801059146618137,24345.112353442488,6.637829300103688e6,5.0
857.9999999999823,3.7798735008879394,24338.5392224324,6.642237617877743e6,5.0
858.9999999999822,3.7796410434349266,24331.961108218293,6.646666151621324e6,5.0
859.9999999999822,3.7794085423024875,24325.377994226157,6.651114877039988e6,5.0
860.9999999999822,3.779175997952652,24318.78986390895,6.655583769922697e6,5.0
861.999999999982,3.7789434103840818,24312.19670074556,6.660072806156813e6,5.0
862.999999999982,3.77871078005279,24305.598488240794,6.664581961723855e6,5.0
863.999999999982,3.7784781069561193,24298.99520992441,6.669111212714567e6,5.0
864.9999999999819,3.7782453915439147,24292.38684935108,6.673660535323467e6,5.0
865.9999999999819,3.7780126338119104,24285.773390099414,6.678229905865213e6,5.0
866.9999999999818,3.777779834203557,24279.154815771944,6.682819300767523e6,5.0
867.9999999999818,3.7775469927127414,24272.531109994183,6.687428696588352e6,5.0
868.9999999999818,3.777314109776292,24265.90225641462,6.692058070007596e6,5.0
869.9999999999817,3.777081185385947,24259.26823870373,6.696707397844429e6,5.0
870.9999999999817,3.776848219971683,24252.629040554,6.701376657050958e6,5.0
871.9999999999816,3.7766152135228053,24245.984645678927,6.706065824726802e6,5.0
872.9999999999816,3.7763821664621884,24239.3350378131,6.710774878113142e6,5.0
873.9999999999816,3.776149078776375,24232.6802007111,6.715503794609341e6,5.0
874.9999999999815,3.775915950880901,24226.02011814759,6.720252551766344e6,5.0
875.9999999999815,3.7756827827592168,24219.354773916268,6.725021127301833e6,5.0
876.9999999999815,3.7754495748192194,24212.684151829846,6.729809499095413e6,5.0
877.9999999999814,3.7752163270409342,24206.008235719084,6.734617645204013e6,5.0
878.9999999999814,3.7749830398243325,24199.327009432745,6.739445543855369e6,5.0
879.9999999999812,3.7747497131456753,24192.64045683654,6.744293173465698e6,5.0
880.9999999999812,3.774516347396669,24185.948561813067,6.749160512633341e6,5.0
881.9999999999812,3.7742829425494424,24179.251308260875,6.754047540154008e6,5.0
882.9999999999811,3.7740494989871554,24172.548680094245,6.758954235018314e6,5.0
883.9999999999811,3.773816016677409,24165.84066124224,6.763880576424911e6,5.0
884.999999999981,3.773582495994485,24159.12723564856,6.768826543778275e6,5.0
885.999999999981,3.773348936901068,24152.408387270516,6.773792116702568e6,5.0
886.999999999981,3.7731153397622403,24145.684100078823,6.778777275039831e6,5.0
887.9999999999809,3.772881704535373,24138.954358056635,6.7837819988638405e6,5.0
888.9999999999809,3.7726480315760287,24132.21914519934,6.7888062684771735e6,5.0
889.9999999999809,3.7724143208358982,24125.478445513454,6.793850064427004e6,5.0
890.9999999999808,3.7721805726606537,24118.73224301645,6.798913367502348e6,5.0
891.9999999999808,3.7719467869959065,24111.98052173572,6.803996158748461e6,5.0
892.9999999999807,3.771712964177163,24105.223265708326,6.80909841946384e6,5.0
893.9999999999807,3.7714791041435842,24098.460458979964,6.814220131216101e6,5.0
894.9999999999807,3.7712452072200904,24091.692085604616,6.8193612758404305e6,5.0
895.9999999999806,3.771011273339133,24084.918129643658,6.824521835450912e6,5.0
896.9999999999806,3.770777302814766,24078.138575165445,6.829701792441899e6,5.0
897.9999999999804,3.7705432955722618,24071.353406244307,6.834901129500412e6,5.0
898.9999999999804,3.7703092519145818,24064.562606960302,6.840119829603928e6,5.0
899.9999999999804,3.77007517175953,24057.76616139813,6.845357876034964e6,5.0
900.9999999999803,3.7698410553986297,24050.964053646832,6.850615252379284e6,5.0
901.9999999999803,3.769606902741925,24044.156267798822,6.855891942537307e6,5.0
902.9999999999803,3.7693727140692843,24037.342787949518,6.861187930724097e6,5.0
903.9999999999802,3.769138489282689,24030.523598196378,6.866503201481674e6,5.0
904.9999999999802,3.7689042286501477,24023.69868263861,6.871837739675177e6,5.0
905.9999999999801,3.7686699320652886,24016.8680253761,6.87719153050802e6,5.0
906.9999999999801,3.768435599784043,24010.031610509213,6.882564559516997e6,5.0
907.9999999999801,3.7682012316915277,24003.189422137806,6.887956812584188e6,5.0
908.99999999998,3.7679668280314123,23996.341444360896,6.89336827593572e6,5.0
909.99999999998,3.767732388680042,23989.487661275776,6.898798936151392e6,5.0
910.99999999998,3.7674979138687115,23982.628056977734,6.904248780161573e6,5.0
911.9999999999799,3.7672634034648587,23975.762615559142,6.909717795257954e6,5.0
912.9999999999799,3.767028857687265,23968.891321109197,6.915205969090297e6,5.0
913.9999999999798,3.7667942763943323,23962.014157713093,6.92071328967473e6,5.0
914.9999999999798,3.766559659792244,23955.131109451737,6.926239745391482e6,5.0
915.9999999999798,3.76632500773023,23948.24216040095,6.931785324992358e6,5.0
916.9999999999797,3.7660903204018648,23941.347294631287,6.937350017596769e6,5.0
917.9999999999797,3.765855597647103,23934.446496207183,6.942933812699942e6,5.0
918.9999999999795,3.765620839646894,23927.539749186886,6.948536700166819e6,5.0
919.9999999999795,3.7653860462318804,23920.627037621543,6.954158670242561e6,5.0
920.9999999999795,3.7651512175703274,23913.70834555524,6.959799713542776e6,5.0
921.9999999999794,3.764916353483583,23906.78365702417,6.965459821063294e6,5.0
922.9999999999794,3.76468145412727,23899.852956056617,6.971138984172018e6,5.0
923.9999999999794,3.7644465193134033,23892.916226672198,6.976837194616421e6,5.0
924.9999999999793,3.764211549185005,23885.97345288184,6.9825544445166215e6,5.0
925.9999999999793,3.763976543544766,23879.024618687174,6.988290726369943e6,5.0
926.9999999999792,3.7637415025232266,23872.069708080493,6.994046033043668e6,5.0
927.9999999999792,3.7635064259137465,23865.108705044117,6.999820357780901e6,5.0
928.9999999999792,3.7632713138344167,23858.14159355047,7.005613694191772e6,5.0
929.9999999999791,3.7630361660693907,23851.168357561495,7.01142603625759e6,5.0
930.9999999999791,3.7628009827243636,23844.188981028663,7.017257378324243e6,5.0
931.999999999979,3.7625657635743113,23837.20344789255,7.023107715102532e6,5.0
932.999999999979,3.76233050871267,23830.211742082836,7.028977041662865e6,5.0
933.999999999979,3.762095217905292,23823.21384751789,7.034865353436163e6,5.0
934.9999999999789,3.761859891233432,23816.209748104815,7.040772646205628e6,5.0
935.9999999999789,3.761624528453905,23809.19942773907,7.046698916109757e6,5.0
936.9999999999789,3.7613891296359183,23802.182870304565,7.052644159632323e6,5.0
937.9999999999787,3.7611536945272728,23795.160059673264,7.058608373605153e6,5.0
938.9999999999787,3.7609182231851954,23788.13097970536,7.064591555198092e6,5.0
939.9999999999786,3.7606827153485787,23781.09561424892,7.070593701920732e6,5.0
940.9999999999786,3.7604471710628022,23774.05394714004,7.076614811613927e6,5.0
941.9999999999786,3.760211590057874,23767.005962202496,7.082654882449069e6,5.0
942.9999999999785,3.7599759723673913,23759.951643247954,7.088713912921402e6,5.0
943.9999999999785,3.759740317712552,23752.890974075664,7.094791901848236e6,5.0
944.9999999999785,3.7595046261152514,23745.82393847269,7.100888848361124e6,5.0
945.9999999999784,3.7592688972879116,23738.750520213598,7.107004751905047e6,5.0
946.9999999999784,3.7590331312407907,23731.670703060692,7.113139612230681e6,5.0
947.9999999999783,3.7587973276775615,23724.584470763693,7.119293429394715e6,5.0
948.9999999999783,3.7585614865969,23717.491807060112,7.125466203748212e6,5.0
949.9999999999783,3.7583256076937688,23710.392695674887,7.131657935939288e6,5.0
950.9999999999782,3.758089690955306,23703.28712032064,7.137868626903262e6,5.0
951.9999999999782,3.757853736067724,23696.175064697483,7.144098277862901e6,5.0
952.9999999999781,3.757617743006657,23689.05651249324,7.15034689031799e6,5.0
953.9999999999781,3.7573817114495847,23681.93144738327,7.156614466047453e6,5.0
954.9999999999781,3.757145641360636,23674.799853030694,7.162901007098435e6,5.0
955.999999999978,3.756909532408526,23667.66171308619,7.169206515788264e6,5.0
956.999999999978,3.756673384545907,23660.51701118826,7.175530994693851e6,5.0
957.999999999978,3.756437197432668,23653.365730963018,7.181874446653575e6,5.0
958.9999999999778,3.7562009710099433,23646.207856024506,7.188236874755708e6,5.0
959.9999999999778,3.75596470492878,23639.043369974475,7.194618282342086e6,5.0
960.9999999999777,3.7557283991187713,23631.872256402665,7.201018672995723e6,5.0
961.9999999999777,3.7554920532220546,23624.694498886616,7.207438050544237e6,5.0
962.9999999999777,3.7552556671566357,23617.510080991964,7.213876419049018e6,5.0
963.9999999999776,3.755019240555665,23610.31898627227,7.22033378280595e6,5.0
964.9999999999776,3.754782773325552,23603.121198269302,7.226810146337203e6,5.0
965.9999999999775,3.7545462650903687,23595.91670051289,7.233305514390883e6,5.0
966.9999999999775,3.75430971574484,23588.705476521172,7.239819891932829e6,5.0
967.9999999999775,3.754073124903906,23581.487509800543,7.2463532841460295e6,5.0
968.9999999999774,3.753836492450573,23574.262783845894,7.252905696422399e6,5.0
969.9999999999774,3.7535998179905308,23567.03128214044,7.259477134363753e6,5.0
970.9999999999774,3.753363101394991,23559.792988156143,7.266067603771062e6,5.0
971.9999999999773,3.75312634226033,23552.54788535355,7.272677110645259e6,5.0
972.9999999999773,3.752889540445922,23545.295957182083,7.279305661179018e6,5.0
973.9999999999771,3.7526526955387354,23538.037187080008,7.285953261756102e6,5.0
974.9999999999771,3.7524158073862286,23530.77155847476,7.292619918941585e6,5.0
975.9999999999771,3.75217887556589,23523.49905478286,7.2993056394822635e6,5.0
976.999999999977,3.751941899913223,23516.21965941031,7.306010430297041e6,5.0
977.999999999977,3.7517048799961397,23508.933355752542,7.312734298475792e6,5.0
978.9999999999769,3.7514678156381467,23501.640127194783,7.319477251270724e6,5.0
979.9999999999769,3.751230706397504,23494.3399571121,7.32623929609459e6,5.0
980.9999999999769,3.7509935520856903,23487.03282886977,7.333020440511073e6,5.0
981.9999999999768,3.7507563522512664,23479.718725823368,7.339820692232181e6,5.0
982.9999999999768,3.7505191066936145,23472.397631319138,7.346640059109777e6,5.0
983.9999999999768,3.7502818149515638,23465.06952869413,7.353478549132156e6,5.0
984.9999999999767,3.750044476812399,23457.734401276633,7.360336170414596e6,5.0
985.9999999999767,3.749807091805125,23450.392232386348,7.367212931195452e6,5.0
986.9999999999766,3.749569659704947,23443.043005334886,7.374108839825322e6,5.0
987.9999999999766,3.749332180031056,23435.686703425858,7.381023904765495e6,5.0
988.9999999999766,3.7490946525465234,23428.32330995556,7.38795813457419e6,5.0
989.9999999999765,3.7488570767607086,23420.95280821311,7.394911537903785e6,5.0
990.9999999999765,3.748619452424591,23413.575181481094,7.401884123488924e6,5.0
991.9999999999765,3.7483817790376817,23406.190413035805,7.408875900141551e6,5.0
992.9999999999764,3.7481440563388744,23398.798486147934,7.415886876738039e6,5.0
993.9999999999764,3.747906283817843,23391.399384082873,7.422917062214953e6,5.0
994.9999999999762,3.747668461201448,23383.99309010146,7.429966465554472e6,5.0
995.9999999999762,3.7474305879695398,23376.579587460357,7.437035095778931e6,5.0
996.9999999999762,3.7471926638369677,23369.158859412797,7.444122961937627e6,5.0
997.9999999999761,3.7469546882737697,23361.730889209048,7.4512300730996495e6,5.0
998.9999999999761,3.74671666098288,23354.295660097287,7.45835643833816e6,5.0
999.999999999976,3.746478581424534,23346.853155324046,7.465502066725341e6,5.0
1000.999999999976,3.7462404492898016,23339.403358135183,7.472666967314075e6,5.0
1001.999999999976,3.7460022640291966,23331.94625177639,7.479851149133211e6,5.0
1002.9999999999759,3.7457640253219373,23324.48181949422,7.487054621168593e6,5.0
1003.9999999999759,3.7455257326088782,23317.010044536695,7.494277392356059e6,5.0
1004.9999999999759,3.745287385557492,23309.530910154375,7.501519471563015e6,5.0
1005.9999999999758,3.745048983598977,23302.044399601036,7.508780867580476e6,5.0
1006.9999999999758,3.744810526389135,23294.550496134812,7.516061589104883e6,5.0
1007.9999999999757,3.7445720133495937,23287.049183018946,7.523361644727281e6,5.0
1008.9999999999757,3.744333444124556,23279.54044352302,7.5306810429156395e6,5.0
1009.9999999999757,3.7440948181261047,23272.024260923736,7.5380197920041e6,5.0
1010.9999999999756,3.7438561349869075,23264.500618506252,7.545377900173025e6,5.0
1011.9999999999756,3.7436173941095854,23256.96949956508,7.552755375437343e6,5.0
1012.9999999999754,3.7433785951153458,23249.43088740538,7.560152225628064e6,5.0
1013.9999999999754,3.743139737397393,23241.88476534402,7.567568458378434e6,5.0
1014.9999999999754,3.742900820565533,23234.33111671094,7.575004081104216e6,5.0
1015.9999999999753,3.7426618440035644,23226.769924850236,7.582459100990095e6,5.0
1016.9999999999753,3.742422807310016,23219.20117312169,7.589933524968497e6,5.0
1017.9999999999753,3.742183709859315,23211.62484490183,7.597427359706966e6,5.0
1018.9999999999752,3.7419445512387033,23204.04092358561,7.60494061158356e6,5.0
1019.9999999999752,3.74170533081336,23196.449392587572,7.612473286674393e6,5.0
1020.9999999999751,3.7414660481592756,23188.85023534344,7.620025390731241e6,5.0
1021.9999999999751,3.7412267026323383,23181.243435311542,7.627596929164992e6,5.0
1022.9999999999751,3.7409872937974065,23173.62897597444,7.635187907023343e6,5.0
1023.999999999975,3.7407478210010847,23166.006840840422,7.642798328972549e6,5.0
1024.999999999975,3.740508283797084,23158.377013445177,7.6504281992776245e6,5.0
1025.999999999975,3.7402686815227915,23150.7394773534,7.658077521780933e6,5.0
1026.999999999975,3.7400290137208207,23143.0942161606,7.665746299880104e6,5.0
1027.9999999999748,3.739789279719318,23135.44121349472,7.673434536509954e6,5.0
1028.9999999999748,3.739549479049788,23127.780453018015,7.681142234117236e6,5.0
1029.9999999999748,3.739309611031172,23120.111918428833,7.68886939464166e6,5.0
1030.9999999999748,3.7390696751839014,23112.435593463626,7.696616019489098e6,5.0
1031.9999999999748,3.7388296708176667,23104.751461898693,7.704382109513743e6,5.0
1032.9999999999745,3.73858959744187,23097.059507552316,7.712167664990577e6,5.0
1033.9999999999745,3.7383494543569196,23089.35971428665,7.719972685595012e6,5.0
1034.9999999999745,3.738109241061178,23081.652066009956,7.727797170375033e6,5.0
1035.9999999999745,3.7378689568457997,23073.936546678582,7.735641117729443e6,5.0
1036.9999999999745,3.7376286011980913,23066.213140299253,7.743504525380749e6,5.0
1037.9999999999743,3.737388173399886,23058.48183093116,7.751387390352514e6,5.0
1038.9999999999743,3.7371476729274575,23050.74260268846,7.759289708937993e6,5.0
1039.9999999999743,3.73690709905336,23042.9954397424,7.767211476679043e6,5.0
1040.9999999999743,3.736666451242789,23035.240326323885,7.775152688334848e6,5.0
1041.9999999999743,3.7364257287589373,23027.477246725754,7.783113337857797e6,5.0
1042.999999999974,3.736184931055962,23019.7061853055,7.791093418361162e6,5.0
1043.999999999974,3.7359440573877194,23011.92712648768,7.799092922094244e6,5.0
1044.999999999974,3.7357031071972786,23004.14005476667,7.807111840409796e6,5.0
1045.999999999974,3.735462079729117,22996.34495470928,7.815150163735922e6,5.0
1046.999999999974,3.7352209744152662,22988.541810957624,7.823207881543743e6,5.0
1047.999999999974,3.734979790490775,22980.730608231803,7.831284982319207e6,5.0
1048.9999999999739,3.7347385273766145,22972.91133133303,7.839381453526441e6,5.0
1049.9999999999739,3.7344971842984593,22965.0839651464,7.847497281579244e6,5.0
1050.9999999999739,3.7342557606661613,22957.2484946441,7.855632451804918e6,5.0
1051.9999999999739,3.7340142556960396,22949.404904888426,7.863786948412257e6,5.0
1052.9999999999739,3.7337726687868975,22941.553181035113,7.87196075445392e6,5.0
1053.9999999999736,3.7335309991455894,22933.693308336424,7.88015385179515e6,5.0
1054.9999999999736,3.733289246159934,22925.82527214475,7.888366221071824e6,5.0
1055.9999999999736,3.733047409027337,22917.94905791587,7.896597841658289e6,5.0
1056.9999999999736,3.732805487124642,22910.064651212637,7.9048486916249115e6,5.0
1057.9999999999736,3.732563479639878,22902.172037708442,7.913118747702737e6,5.0
1058.9999999999734,3.7323213859388873,22894.271203191034,7.921407985242268e6,5.0
1059.9999999999734,3.7320792052003218,22886.36213356626,7.929716378172749e6,5.0
1060.9999999999734,3.731836936779106,22878.444814862058,7.938043898959067e6,5.0
1061.9999999999734,3.7315945798445616,22870.5192332323,7.946390518562162e6,5.0
1062.9999999999734,3.7313521337406934,22862.58537496097,7.954756206393435e6,5.0
1063.9999999999732,3.731109597627563,22854.643226466356,7.963140930271144e6,5.0
1064.9999999999732,3.7308669708383486,22846.692774305284,7.971544656374159e6,5.0
1065.9999999999732,3.73062425252384,22838.734005177477,7.979967349197725e6,5.0
1066.9999999999732,3.7303814420064527,22830.766905930188,7.988408971502468e6,5.0
1067.9999999999732,3.730138538427808,22822.791463562655,7.996869484268633e6,5.0
1068.9999999999732,3.729895541099645,22814.807665230917,8.005348846644916e6,5.0
1069.999999999973,3.729652449154418,22806.815498252472,8.013847015900988e6,5.0
1070.999999999973,3.7294092618933017,22798.814950111457,8.022363947370555e6,5.0
1071.999999999973,3.7291659784396622,22790.806008463456,8.030899594403304e6,5.0
1072.999999999973,3.7289225980841922,22782.788661140865,8.039453908307634e6,5.0
1073.999999999973,3.7286791199412974,22774.762896157998,8.04802683829797e6,5.0
1074.9999999999727,3.728435543291225,22766.728701716645,8.056618331437322e6,5.0
1075.9999999999727,3.7281918672395054,22758.6860662115,8.065228332579635e6,5.0
1076.9999999999727,3.727948091056127,22750.63497823591,8.073856784311452e6,5.0
1077.9999999999727,3.7277042138377574,22742.5754265875,8.082503626894256e6,5.0
1078.9999999999727,3.72746023484421,22734.50740027434,8.091168798198167e6,5.0
1079.9999999999725,3.727216153163508,22726.430888520747,8.099852233645327e6,5.0
1080.9999999999725,3.726971968045349,22718.3458807736,8.108553866143031e6,5.0
1081.9999999999725,3.726727678569184,22710.252366708602,8.11727362602036e6,5.0
1082.9999999999725,3.726483283974783,22702.150336236777,8.126011440961625e6,5.0
1083.9999999999725,3.7262387833330917,22694.039779510997,8.134767235939344e6,5.0
1084.9999999999723,3.725994175874076,22685.92068693283,8.143540933144506e6,5.0
1085.9999999999723,3.725749460660331,22677.793049159285,8.152332451918897e6,5.0
1086.9999999999723,3.725504636912155,22669.656857109963,8.161141708680557e6,5.0
1087.9999999999723,3.7252597036839,22661.51210197414,8.169968616854638e6,5.0
1088.9999999999723,3.725014660186321,22653.358775218167,8.178813086796261e6,5.0
1089.9999999999723,3.7247695054656718,22645.19686859291,8.18767502571738e6,5.0
1090.999999999972,3.724524238723357,22637.026374141442,8.196554337607356e6,5.0
1091.999999999972,3.724278858997633,22628.84728420669,8.20545092315933e6,5.0
1092.999999999972,3.7240333654806586,22620.659591439624,8.214364679684451e6,5.0
1093.999999999972,3.7237877572029063,22612.463288807197,8.223295501035393e6,5.0
1094.999999999972,3.723542033347462,22604.258369600695,8.232243277521242e6,5.0
1095.9999999999718,3.723296192937105,22596.044827444155,8.241207895825542e6,5.0
1096.9999999999718,3.7230502351460517,22587.822656303095,8.250189238917198e6,5.0
1097.9999999999718,3.7228041589895806,22579.59185049313,8.25918718596788e6,5.0
1098.0,3.722557963633156,22571.352404689125,8.268201612258839e6,5.0
