Time (s),Voltage (V),Concentration (mol/m³),Stress (Pa)
0.0,4.179412947771795,29865.273928931867,12637.365786565953
1.0,4.179408296095822,29865.255232734446,12914.00779385681
2.0,4.179401381473334,29865.230792548322,13273.48133600702
3.0,4.179385921310895,29865.181875803537,13990.799701755092
4.0,4.179360469550131,29865.117939076346,14922.184737370577
5.0,4.179318095239791,29865.03750471642,16088.30137073773
6.0,4.179247906762067,29864.942419058603,17464.406214443075
7.0,4.179131395140371,29864.830783718982,19090.02970649787
8.0,4.178940077190489,29864.69776799133,21061.309197856455
9.0,4.178632418701232,29864.532809739485,23578.49121182321
10.0,4.178151540271645,29864.317759136226,26979.35132848382
11.0,4.177424176753495,29864.02434944604,31782.150402023795
12.0,4.1763619618881584,29863.612000771776,38721.41941184609
13.0,4.1748658571217945,29863.026153259474,48771.83923877949
14.0,4.172834305457571,29862.197845844166,63147.37241692296
15.0,4.170175095164121,29861.045156901666,83264.65367627716
16.0,4.16682016523563,29859.47710115699,110660.8363112506
17.0,4.162741751983529,29857.40030621879,146861.69258020225
18.0,4.157967567241629,29854.72839524244,193203.71162144947
19.0,4.152592293008873,29851.39348340811,250623.86811350603
20.0,4.146782726595431,29847.358664272546,319440.529820018
21.0,4.140774476047193,29842.629924097542,399156.52621593035
22.0,4.134859142800041,29837.26569033227,488318.5733277588
23.0,4.129362293840456,29831.382268673,584464.6667671093
24.0,4.12461400904435,29825.153772191425,684182.4180574665
25.0,4.120915150001602,29818.80575430342,783287.569326943
26.0,4.118503507016702,29812.60253101607,877115.1200314095
27.0,4.117524455260659,29806.82899673686,960898.3401663273
28.0,4.118010559202566,29801.768483318738,1.0301962416061884e6
29.0,4.119873649009745,29797.678786739823,1.0813202906473835e6
30.0,4.12291129661012,29794.768824672337,1.1117080092644324e6
31.0,4.126827504972585,29793.1784590873,1.1201953918819218e6
32.0,4.131265097091637,29792.96380689948,1.1071515193601649e6
33.0,4.1358451816017405,29794.08986955036,1.074456124940771e6
34.0,4.140207660009736,29796.431566140713,1.0253218322881002e6
35.0,4.14404642982536,29799.78331712938,963984.1273707396
36.0,4.147133926527584,29803.876298428455,895300.2506587974
37.0,4.1493317991944885,29808.40151880409,824309.6970438093
38.0,4.15058734829773,29813.036136603398,755811.5268938944
100.0,4.150918162524244,29817.470059666368,694006.8717501119
100.99999999999999,4.150389458122255,29821.429918746806,642240.9009982813
101.99999999999999,4.149089440063821,29824.697936663513,602860.8716958112
102.99999999999997,4.147107481483832,29827.12391299077,577190.1319711278
103.99999999999997,4.14451841276788,29828.62934973379,565605.6843523213
104.99999999999996,4.141374361227307,29829.203541170667,567700.3428504575
105.99999999999996,4.137704013647804,29828.89222497363,582507.7853281815
106.99999999999996,4.133518286654125,29827.78018331076,608766.4480992444
107.99999999999994,4.128821161094594,29825.97002768465,645193.3187858252
108.99999999999994,4.123624473215156,29823.56025920984,690730.6591818408
109.99999999999993,4.117965235693604,29820.626378702513,744720.5990187887
110.99999999999993,4.111923313378556,29817.20896695311,806961.1840172468
111.99999999999991,4.105636114181737,29813.311905701063,877609.8372259575
112.99999999999993,4.099305930785503,29808.912118031694,956929.0929492041
113.99999999999993,4.093195460385618,29803.979558401876,1.0449113572501648e6
114.99999999999994,4.087608483981372,29798.503240469447,1.140864011286515e6
200.0,4.082855731692367,29792.516760120943,1.2430675751989356e6
201.0,4.0792099669464985,29786.11595289351,1.3486229412358429e6
202.0,4.076858115187909,29779.46252004352,1.4535721313454648e6
203.0,4.075860526160769,29772.770578561816,1.5533148901102324e6
204.0,4.076127163918862,29766.27743113369,1.6432655776908565e6
205.0,4.07741750047405,29760.20417374721,1.7196242317206555e6
206.0,4.079365848881644,29754.71473789542,1.7800950566645197e6
207.0,4.081528175185831,29749.882706677756,1.824388189390257e6
208.0,4.083441633779012,29745.673525543883,1.854386568908134e6
209.0,4.084685527052656,29741.946034435416,1.873936724078996e6
210.0,4.084932659330157,29738.472685832192,1.8883080870831856e6
211.0,4.083982871996224,29734.97370094338,1.903435826225716e6
212.0,4.081774979700599,29731.15779794778,1.92509985216915e6
213.0,4.078378142543556,29726.761526023864,1.9581909648868889e6
214.0,4.073967631134247,29721.58059396556,2.006178425149506e6
215.0,4.068792137554162,29715.489275274253,2.0708353325667568e6
216.0,4.063139969689908,29708.447091464484,2.1522171171619347e6
217.0,4.057309879394269,29700.49465837448,2.248840019934266e6
218.0,4.051589537114127,29691.74221600478,2.3579807427639016e6
219.0,4.046241692274982,29682.354698264757,2.4760184156011813e6
220.0,4.041495712916853,29672.536389992445,2.5987610356245833e6
221.0,4.037541114296518,29662.516736908125,2.721730422236807e6
222.0,4.034520121409884,29652.537321900076,2.8404105943423198e6
223.0,4.032518075970566,29642.838962268626,2.950483840018774e6
224.0,4.031552924099816,29633.64769228241,3.0480802925007585e6
225.0,4.031567198099795,29625.15913164738,3.130050546384464e6
226.0,4.032426949195919,29617.522116136737,3.1942432859530677e6
227.0,4.03393144644493,29610.823944774056,3.2397419802760496e6
228.00000000000003,4.035835129060465,29605.080561098068,3.2669982861443013e6
228.99999999999997,4.037879913375238,29600.23494435869,3.2778036574507505e6
229.99999999999997,4.039832583578427,29596.165768851195,3.2750669789042296e6
231.0,4.041519807666332,29592.706236773734,3.2624089958078223e6
232.0,4.042853155359163,29589.67049847157,3.243631565822544e6
233.0,4.043838546602958,29586.88300805148,3.2221564240999194e6
234.0,4.044568295163509,29584.20519707452,3.200541854086723e6
235.00000000000003,4.04519821112706,29581.554335955716,3.1801708755542464e6
236.00000000000003,4.045915753135849,29578.911288887604,3.1611647815895677e6
236.99999999999997,4.046906899884239,29576.316520414548,3.1425226053074095e6
237.99999999999997,4.048328808428418,29573.856394678645,3.1224361033228664e6
239.0,4.050292741280109,29571.643750559848,3.098695701634106e6
240.0,4.0528581190376105,29569.79742876517,3.069094339511997e6
241.0,4.056035161554616,29568.42477640139,3.0317536475419635e6
242.0,4.059791565106522,29567.609498168422,2.985332527702326e6
243.00000000000003,4.064058605684819,29567.405199973982,2.929118769494337e6
244.00000000000003,4.0687338578655465,29567.833284333487,2.8630361428578906e6
244.99999999999997,4.073680626485149,29568.883036468393,2.787612869236435e6
245.99999999999997,4.078727025860401,29570.511980188992,2.703949821752312e6
247.0,4.083669223057929,29572.645686927055,2.613703203542961e6
248.0,4.088282994489743,29575.177674786042,2.5190675725964336e6
249.0,4.092345408132473,29577.97120349377,2.4227233609252004e6
250.0,4.095664791122485,29580.865135080305,2.3277080505267642e6
251.00000000000003,4.098113408406367,29583.685351425498,2.237185546067011e6
252.00000000000003,4.099654838740873,29586.261639868306,2.1541201921794517e6
252.99999999999997,4.100357856696351,29588.447973875598,2.0808998740317076e6
254.0,4.100390992585887,29590.14240563985,2.0189833620895694e6
255.0,4.099996379121807,29591.30197548205,1.9686589317411873e6
256.0,4.099446752778678,29591.94850515526,1.9289880897409525e6
257.0,4.0989939933290716,29592.16286336772,1.8979715849831619e6
258.0,4.098820035606515,29592.067840115713,1.8729242847740185e6
259.0,4.099000667118132,29591.802440334686,1.8509951145582243e6
260.0,4.099489681851713,29591.492465202893,1.8297322487809858e6
261.0,4.1001260605899486,29591.22312215871,1.8075822075107072e6
262.0,4.100661704636986,29591.018881348416,1.7842271762360602e6
263.0,4.100803153545385,29590.834091830773,1.7607021570586395e6
264.0,4.1002586355762665,29590.5555198436,1.7392811314424365e6
265.0,4.098782080719578,29590.015636516073,1.7231661085146423e6
266.0,4.096207873517515,29589.013760931462,1.7160436570443553e6
267.0,4.092473217615206,29587.341399068875,1.7215847521115437e6
268.0,4.087627974698179,29584.808318386837,1.742956756753023e6
269.0,4.081833903093718,29581.266804120485,1.782397419401444e6
270.0,4.075355947667426,29576.63276868467,1.8408784075191717e6
271.0,4.068547822282622,29570.903498123815,1.9178679937737081e6
272.0,4.0618330585098885,29564.17249658772,2.0111934441118625e6
273.0,4.055681633810204,29556.641977832514,2.117003388059384e6
274.0,4.050581786408051,29548.63302040319,2.2298357106884047e6
275.0,4.04700695102249,29540.5922475529,2.342802790644304e6
276.0,4.0453788014970975,29533.09238231613,2.447908181191037e6
277.0,4.046028876531642,29526.82258259731,2.536503752623723e6
278.0,4.049162655536262,29522.563595121763,2.599883171644082e6
279.0,4.054830737435244,29521.143117044714,2.629987530997906e6
280.0,4.0629116230462845,29523.369143332366,2.6201735302544916e6
281.0,4.073109465706899,29529.943516531424,2.565969137349142e6
282.0,4.084968119772299,29541.36370219076,2.46572280084284e6
283.0,4.097900377587377,29557.826732645586,2.3210459825484366e6
284.0,4.11122903651387,29579.153482023125,2.1369601902278494e6
285.0,4.124234919957971,29604.75156931745,1.9216937677101071e6
286.0,4.136206436478091,29633.630412059523,1.686125955896324e6
287.0,4.146485951177122,29664.472870753554,1.4429350891937793e6
300.0,4.154509780165308,29695.756330190627,1.2055608685271624e6
301.0,4.159840430829287,29725.9048474308,987123.505548497
302.0,4.16219114412541,29753.447085962805,799441.3205959933
303.0,4.1614435730531785,29777.154047997807,652253.7013130465
400.0,4.157659047833825,29796.136108461604,552700.4224704432
401.0,4.151082821307766,29809.88897117631,505048.6033983378
402.0,4.142139482595706,29818.29001200298,510613.0879308575
403.0,4.131417098724418,29821.55593970524,567801.6852289648
404.0,4.119637907364047,29820.177606909267,672234.4832306283
405.0,4.107615214054817,29814.8477027288,816924.086209381
406.0,4.096198582291048,29806.392938401936,992542.4427099365
407.0,4.086212030078206,29795.716244560736,1.187822280173467e6
408.0,4.078391689681095,29783.74936960375,1.3901331249279133e6
409.0,4.073329862335818,29771.41321996811,1.5862377088586788e6
410.0,4.071430712646003,29759.58263913903,1.7631863491347283e6
411.0,4.072880577682057,29749.053628755508,1.9092611311698642e6
412.0,4.077632853228636,29740.512884654374,2.0148571436922438e6
413.0,4.085406548478609,29734.510028646975,2.0731995162806802e6
414.0,4.095697758262742,29731.43335915775,2.0808230255827457e6
415.0,4.107805226714612,29731.49028914779,2.0377759633320812e6
416.0,4.120872488397303,29734.693317902234,1.9475511802781657e6
417.0,4.13395114075953,29740.852633267037,1.8167750863623358e6
418.0,4.146084366115578,29749.579356233404,1.6546755948265463e6
419.0,4.156403516826474,29760.30408157191,1.4723520831399052e6
420.0,4.164224198960207,29772.31338513137,1.2818949467353374e6
421.0,4.169124750600526,29784.804872162385,1.095415769114418e6
500.0,4.170986312721624,29796.95813201947,924063.202805652
501.0,4.169985193197658,29808.01277619591,777131.6401409227
600.0,4.1665416264846575,29817.3417423287,661374.4209543278
600.9999999999999,4.16123780850199,29824.510008296755,580578.696995961
601.9999999999999,4.15472386194674,29829.31174282065,535405.5877451
602.9999999999999,4.147635859901493,29831.782955522427,523454.90730533004
603.9999999999998,4.140540359828078,29832.187774239013,539562.0026788774
604.9999999999998,4.1339026670790435,29830.980752796524,576311.2547658326
605.9999999999997,4.12807625359857,29828.74829619728,624767.712541008
606.9999999999997,4.123305595487244,29826.13161473187,675461.8994048617
607.9999999999997,4.119731376462704,29823.732518967307,719678.0783813095
608.9999999999995,4.117387017754905,29822.020910762065,750771.3613306622
609.9999999999995,4.1162003453514355,29821.26097318947,765244.1098942105
610.9999999999994,4.115996968406213,29821.469852498994,763359.695959953
611.9999999999994,4.116509573686612,29822.42178107089,749066.7017262229
700.0,4.117400658657914,29823.70909659328,729028.5518129899
701.0,4.1183154120082435,29824.83678989292,711131.1267189095
701.9999999999999,4.118938459813755,29825.32740132815,702838.7398345341
702.9999999999999,4.119055466775068,29824.816813741578,709693.9699799005
703.9999999999999,4.1186093135065205,29823.12002322944,734296.8203773511
704.9999999999998,4.117727071653879,29820.25249931973,776003.5348285954
705.9999999999998,4.116684985380246,29816.420164163428,831137.6785819316
706.9999999999997,4.115835116894284,29811.986868706146,893591.4312266025
707.9999999999997,4.115504254634503,29807.426363520946,955725.6998592035
708.9999999999997,4.11587573071535,29803.273124581116,1.00932499277481e6
709.9999999999995,4.116897432099132,29800.055575630326,1.0467938150014151e6
710.9999999999995,4.118263018074581,29798.210627616936,1.0625821922602698e6
711.9999999999995,4.119470279746972,29797.993742615938,1.0545313893606972e6
712.9999999999994,4.119929604919015,29799.399471037457,1.0248509634108382e6
713.9999999999994,4.119124238071052,29802.09397106854,980719.9517162908
714.9999999999993,4.116774955223091,29805.43537659772,933486.8930022798
715.9999999999993,4.112944068719505,29808.58325914861,896497.4718900265
800.0,4.1080404739955805,29810.665983444145,882210.737610759
800.9999999999999,4.102760703441471,29810.970863172184,899280.6926367106
801.9999999999999,4.09795042959492,29809.139010830237,949911.2526371574
802.9999999999998,4.094412329345111,29805.25095292469,1.0290744721223356e6
803.9999999999998,4.092748718422953,29799.790609236585,1.1257608927378256e6
804.9999999999998,4.093281893876085,29793.51964450362,1.2255554938243798e6
805.9999999999997,4.096024610619196,29787.303415717877,1.3137145029182807e6
806.9999999999997,4.100712633129044,29781.9121411947,1.3783094332361156e6
807.9999999999997,4.10691159570184,29777.8882636642,1.4121410715553327e6
808.9999999999995,4.114116450938281,29775.499056774464,1.4131087954512131e6
809.9999999999995,4.121818554789842,29774.75763573863,1.383436332502867e6
810.9999999999994,4.129552784963517,29775.483372176976,1.3283569388551165e6
811.9999999999994,4.13694326793255,29777.385493481426,1.2545729004812434e6
812.9999999999994,4.14371544092443,29780.153429590504,1.168821478976487e6
813.9999999999993,4.149694241857136,29783.52310992242,1.0769291914753376e6
814.9999999999993,4.154803925665274,29787.32032647888,983304.5587753251
815.9999999999992,4.159077085098103,29791.490737683238,890657.3138247896
816.9999999999992,4.162616513198798,29796.125166402122,799767.5753656373
817.9999999999992,4.16552647599532,29801.382763709455,710233.5481737262
818.9999999999991,4.16787385558773,29807.409463208005,621295.7483360227
819.9999999999991,4.169673694623829,29814.252790148195,532713.3631131763
820.9999999999991,4.170875919209581,29821.77874267534,445587.46540559566
821.999999999999,4.171405284842217,29829.586533533216,363221.55623357126
900.0,4.171243465289053,29837.123931826714,290074.01292954164
901.0,4.17046975563832,29843.8052851922,230668.4335103339
901.9999999999999,4.169265008492655,29849.13445876215,188421.67445690156
902.9999999999999,4.167868751977431,29852.822333141412,164589.93504719477
903.9999999999998,4.166513110396392,29854.896126634376,157376.28728305805
904.9999999999998,4.165371232472692,29855.597235871195,163156.1845434011
905.9999999999998,4.164567707631031,29855.280886274046,177633.39639002696
906.9999999999997,4.164034163294807,29854.362923109944,196181.50171473055
907.9999999999997,4.163600774207858,29853.235658609785,214656.37771666556
908.9999999999997,4.1630155042024635,29852.15909185011,230690.31535507197
909.9999999999995,4.161967015191485,29851.293591294077,243153.37915483274
910.9999999999995,4.159948643207621,29850.74124099363,251477.81332090846
911.9999999999994,4.1567727343450525,29850.413156340954,257881.37675334248
912.9999999999994,4.152462542742637,29850.03593561364,267366.8322779493
913.9999999999994,4.147365902270151,29849.304864099056,284829.2215220976
1000.0,4.142090691025492,29847.931850692832,314252.6687413123
1001.0,4.137767740495956,29845.66183366925,358542.74404077476
1002.0,4.135282676249563,29842.503529604186,416035.4397646609
1002.9999999999999,4.1353394258862535,29838.77789580137,479713.93926688924
1003.9999999999999,4.138139663806516,29835.24852267457,536276.0026400599
1004.9999999999998,4.143474809768304,29832.68585506257,573264.452958034
1005.9999999999998,4.150430676327726,29831.798646183008,580237.7180438903
1006.9999999999998,4.15795686752242,29833.09897230091,550444.8561713772
1007.9999999999997,4.164769074658316,29836.832766216685,482050.19239913765
1008.9999999999997,4.169657045548201,29842.10699413256,390806.057122658
1100.0,4.171527695231347,29847.909542089772,293997.5588458496
1101.0,4.16966485451309,29853.12434235891,210147.83383835983
1102.0,4.1639399174142095,29856.53864484447,159240.05411562527
1103.0,4.155014645910346,29856.981460045274,159929.03837398358
1104.0,4.143988046025808,29854.431609392333,212147.3845457247
1104.9999999999998,4.13221704170909,29849.1056960021,311225.27320949367
1105.9999999999998,4.121246851051865,29841.483790495266,447626.13210790855
1106.9999999999998,4.11189855886753,29832.3453297587,606386.3879430232
1107.9999999999998,4.104310806473608,29822.595468587824,770764.4321806224
1108.9999999999998,4.098798107957973,29812.69965229858,931925.2948807437
1109.9999999999995,4.095775711940803,29803.06139422696,1.0826048342019294e6
1110.9999999999995,4.0952837969299,29794.154702209373,1.214393387921624e6
1111.9999999999995,4.097243631802548,29786.456879862653,1.319122420787328e6
1112.9999999999995,4.1013773354847896,29780.344068731705,1.3908837076479776e6
1113.9999999999995,4.106375681248868,29776.06717421191,1.4263585751112245e6
1114.9999999999995,4.110463272819466,29773.563567944926,1.4283846356087176e6
1115.9999999999993,4.112288945855475,29772.280852376105,1.4090954658371122e6
1116.9999999999993,4.111999810554851,29771.33713294015,1.3863138119414423e6
1117.9999999999993,4.110198359825756,29769.994681951706,1.3740609212604235e6
1118.9999999999993,4.108269877497425,29767.911152034678,1.3779917249359586e6
1119.9999999999993,4.107648702326988,29765.160209159512,1.3955244675834763e6
1120.999999999999,4.109240646465655,29762.22214088486,1.4164479592176322e6
1121.999999999999,4.112055788505252,29759.757608943713,1.427699858838033e6
1122.999999999999,4.114999370425531,29758.13491369186,1.4226814601569497e6
1123.999999999999,4.117122410868463,29757.253840341767,1.4042294256342638e6
1124.999999999999,4.117823613215802,29756.766564841284,1.3797272925858863e6
1125.9999999999989,4.116990093038295,29756.230122190278,1.357944338328587e6
1126.9999999999989,4.1155445661272605,29755.265237861,1.3459326807784212e6
1127.9999999999989,4.114672622501152,29753.762522905432,1.3451447579300362e6
1128.9999999999989,4.114899534936954,29751.962907904242,1.350202765888393e6
1129.9999999999989,4.116584324705768,29750.242915283172,1.3534738935658585e6
1130.9999999999986,4.119548219801122,29748.951351049727,1.3483145395774557e6
1131.9999999999986,4.1235982524792965,29748.331043387112,1.3304739914068792e6
1132.9999999999986,4.12802686516243,29748.490623333288,1.2984758314680238e6
1133.9999999999986,4.132616945247131,29749.37981006201,1.2539455470046508e6
1134.9999999999986,4.137107249222703,29750.851487729255,1.2002376762839563e6
1135.9999999999986,4.141999171823796,29752.765147532547,1.1403493115625114e6
1136.9999999999984,4.14733177466655,29755.083320440077,1.075090138805198e6
1137.9999999999984,4.153505401564091,29757.69314495053,1.0067516105389955e6
1138.9999999999984,4.160557650432703,29760.521036952752,936765.8051628973
1139.9999999999984,4.165574774227418,29767.148825896827,841672.6067661473
1140.9999999999984,4.166370420015326,29777.39588212483,725010.7363503458
1141.9999999999982,4.162522044007662,29790.00979387624,611289.4664721565
1142.9999999999982,4.154599690026667,29804.18943010504,514796.4767659707
1200.0,4.1434859557048584,29819.62032156722,439725.15353512706
1201.0,4.135577051009602,29829.143129800195,430922.3674464047
1201.9999999999998,4.1329113031017695,29833.217290836415,477855.6002908807
1202.9999999999998,4.135464569988179,29834.031082892016,536601.3972652615
1203.9999999999998,4.141759153885518,29832.983479403534,581221.9913471511
1204.9999999999998,4.148105478436352,29830.57555537377,604410.7605958917
1205.9999999999998,4.149167713631941,29829.94202620355,593934.3249461451
1206.9999999999995,4.145326776836511,29829.8506016311,575323.739936642
1207.9999999999995,4.136592457234059,29828.54397013223,582883.715784148
1208.9999999999995,4.123618681583669,29824.98530326931,634975.8224655502
1209.9999999999995,4.1101661372449225,29818.612347593567,740050.920833801
1210.9999999999995,4.100581625286166,29809.700701573904,890061.1113324793
1211.9999999999993,4.094917688826302,29799.633310470515,1.0560243124049404e6
1212.9999999999993,4.09473109913289,29789.938125815104,1.207937230989464e6
1213.9999999999993,4.10036958809704,29781.847661109758,1.3231323101396223e6
1214.9999999999993,4.11143843425117,29776.454365512687,1.3825833607182852e6
1215.9999999999993,4.122420693822434,29774.50381260379,1.3747106079056666e6
1216.999999999999,4.132170231488416,29775.550028502872,1.3115451514679624e6
1217.999999999999,4.1388311627546335,29778.29653669314,1.2207089193979606e6
1218.999999999999,4.142036579910887,29781.614920855434,1.1247759196770166e6
1219.999999999999,4.141454416285591,29784.52341093368,1.0423227512732272e6
1220.999999999999,4.141759621825635,29786.289483854827,986273.7596796235
1221.9999999999989,4.142826834304676,29787.099720905862,951106.5449305602
1222.9999999999989,4.145306913211082,29787.698703668913,921008.374805669
1223.9999999999989,4.150789162160657,29788.494449080434,887853.381197165
1224.9999999999989,4.156857328489008,29789.61756353603,850446.6538698261
1225.9999999999989,4.162069563112975,29791.04000715432,809702.5394372445
1226.9999999999989,4.154660207356622,29806.759490165452,628061.568604352
1227.9999999999986,4.143391629954154,29822.108050746017,457218.1379925964
1300.0,4.138077225679061,29831.861988796016,399364.7385054024
1301.0,4.135872111100339,29839.63149616251,376020.10745587695
1302.0,4.146097144682168,29848.027238631028,335145.6021242441
1302.9999999999998,4.154492768469023,29843.53404828878,418933.4883905401
1303.9999999999998,4.173366960606439,29836.045771276757,558572.3690352668
