time,current
0,0.0064295
1,0.0064295
2,0.0064295
3,0.0064295
4,0.0064295
5,0.0064295
6,0.006834
7,0.011762
8,0.01563
9,0.025301
10,0.290245
11,1.32335
12,1.9212
13,2.05605
14,-0.118385
15,1.5977
16,2.067
17,1.41295
18,1.27445
19,1.34655
20,1.1572
21,1.7518
22,1.35165
23,0.5285
24,-0.224995
25,-0.22255
26,-0.91595
27,-0.3456
28,-0.208155
29,0.197395
30,0.7047
31,-0.0336415
32,0.20041
33,-0.83825
34,-1.5047
35,-1.4829
36,-1.40695
37,-1.05145
38,-0.8943
39,-0.52575
40,-0.16577
41,-0.00013619
42,0.0064295
43,0.0064295
44,0.0064295
45,0.0064295
46,0.0064295
47,0.0064295
48,0.0064295
49,0.013123
50,0.70875
51,1.1702
52,0.96015
53,1.40255
54,2.1191
55,2.13715
56,1.4287
57,2.1379
58,2.4831
59,2.4331
60,1.9394
61,1.2605
62,1.78255
63,1.6924
64,1.84345
65,1.5588
66,1.42435
67,1.0918
68,0.09363
69,0.457505
70,0.0026701
71,-0.186035
72,-0.186125
73,0.168705
74,0.5213
75,0.168705
76,-0.186095
77,-0.482825
78,0.06737
79,0.234895
80,0.233995
81,0.40236
82,0.403585
83,0.7466
84,1.1037
85,1.66195
86,2.0854
87,2.26255
88,2.15415
89,2.1284
90,2.4078
91,2.6014
92,2.2517
93,2.3179
94,1.69205
95,0.79675
96,0.68515
97,0.11067
98,-1.2504
99,-0.92425
100,-0.83635
101,-0.53685
102,-0.5325
103,-0.73505
104,-0.85785
105,-0.7754
106,-0.82365
107,-0.6822
108,-0.7883
109,-0.71095
110,-0.74985
111,-0.621
112,-0.71065
113,-0.98945
114,-1.22475
115,-0.8855
116,-0.335
117,-0.327035
118,-0.398945
119,-1.8338
120,-1.62405
121,-1.07355
122,-0.7986
123,-0.65375
124,-0.404185
125,-0.14704
126,-0.0195715
127,-0.0060505
128,-0.00013619
129,0.0064295
130,0.0064295
131,0.0064295
132,0.0064295
133,0.0064295
134,0.0064295
135,0.0064295
136,0.066835
137,0.6582
138,1.4753
139,2.16725
140,2.86025
141,2.7276
142,2.91185
143,3.00755
144,1.8933
145,1.38275
146,1.1972
147,1.474
148,0.9462
149,1.29995
150,0.90745
151,0.66435
152,0.67125
153,1.0285
154,0.339395
155,0.339395
156,1.0478
157,1.8884
158,0.92295
159,1.50255
160,0.67545
161,1.5503
162,0.7017
163,0.70705
164,0.7124
165,-0.25038
166,-0.64755
167,0.202265
168,0.105925
169,-0.056005
170,0.5677
171,-0.313535
172,0.7429
173,0.005662
174,0.27932
175,0.09433
176,0.5509
177,0.55395
178,0.187095
179,0.09363
180,0.2742
181,0.273185
182,-0.43457
183,-0.124955
184,0.6994
185,-1.2051
186,2.5049
187,1.25135
188,1.5578
189,1.31585
190,0.483545
191,1.63765
192,0.89355
193,1.499
194,0.82705
195,0.93605
196,1.0489
197,0.44739
198,0.6519
199,-0.039488
200,0.74885
201,1.06295
202,0.0446605
203,0.55265
204,0.65705
205,1.5963
206,0.260685
207,0.67605
208,0.67955
209,0.68305
210,0.8983
211,0.9067
212,1.2379
213,0.4975
214,0.9301
215,-1.3453
216,-0.033806
217,0.77515
218,0.67605
219,0.05223
220,1.09145
221,0.367695
222,0.157315
223,0.78085
224,-0.24876
225,1.08425
226,0.3639
227,0.5714
228,0.25959
229,0.6743
230,-0.177475
231,0.562
232,0.9798
233,0.5714
234,0.78275
235,0.9999
236,0.7982
237,-0.46532
238,0.6778
239,-0.463125
240,1.07715
241,-0.106815
242,1.07715
243,0.256315
244,-0.036295
245,0.5573
246,0.35269
247,0.7638
248,0.562
249,0.3564
250,-0.249435
251,0.44739
252,0.8571
253,0.35024
254,-0.10942
255,0.64685
256,0.344155
257,0.444645
258,0.5465
259,0.140925
260,0.849
261,0.75445
262,-0.039097
263,0.444645
264,0.5465
265,-0.0406485
266,1.3559
267,0.45153
268,-0.039097
269,0.95555
270,0.0424535
271,0.140925
272,0.23934
273,0.338155
274,0.74145
275,0.441915
276,0.441915
277,0.34055
278,0.847
279,0.24246
280,0.44328
281,0.64685
282,0.75255
283,0.347795
284,1.58355
285,1.09145
286,0.9999
287,0.7982
288,1.34025
289,0.71165
290,1.47745
291,0.7318
292,0.8457
293,1.4076
294,0.5327
295,1.0926
296,0.8785
297,0.88475
298,3.2009
299,1.05795
300,3.9568
301,-1.46895
302,0.13036
303,0.5966
304,0.36103
305,1.18335
306,0.9578
307,0.488085
308,-0.314115
309,0.121905
310,0.233845
311,0.578
312,0.346035
313,0.6906
314,0.57635
315,0.80865
316,1.63315
317,1.1859
318,1.79765
319,2.0755
320,1.74875
321,2.65835
322,2.0878
323,1.86935
324,-0.47348
325,-1.4261
326,0.16897
327,1.6502
328,2.1813
329,1.2029
330,2.1138
331,1.24195
332,1.2525
333,0.7397
334,1.26315
335,0.74775
336,-0.20309
337,0.73165
338,0.213435
339,0.208105
340,-0.47421
341,-0.47529
342,-1.40625
343,-0.9707
344,-1.03875
345,-2.10355
346,-0.5455
347,0.82965
348,-0.096795
349,0.28335
350,0.8197
351,0.39242
352,1.587
353,0.8437
354,1.51625
355,0.5327
356,0.9803
357,-0.0119445
358,0.41978
359,0.41838
360,-0.319715
361,-0.170365
362,0.178795
363,0.068355
364,0.81575
365,0.9301
366,0.07089
367,0.8217
368,1.26415
369,1.0619
370,0.96265
371,0.7486
372,0.97585
373,0.98475
374,0.205215
375,1.43915
376,0.55015
377,0.55015
378,1.23335
379,1.0186
380,0.79675
381,0.91645
382,-0.07916
383,0.91005
384,0.224435
385,-0.081945
386,0.78305
387,0.78695
388,-0.00428315
389,0.213005
390,1.23075
391,0.330185
392,0.32759
393,1.00725
394,0.90155
395,0.56315
396,0.56315
397,1.4858
398,0.344695
399,0.68875
400,0.343355
401,0.8027
402,0.9229
403,0.6961
404,0.00267145
405,1.037
406,1.1633
407,0.8227
408,1.4177
409,0.248395
410,0.5983
411,0.362415
412,0.47719
413,0.47565
414,1.4177
415,0.841
416,1.08395
417,-0.476325
418,-0.07332
419,-0.076285
420,0.00031308
421,0.6815
422,1.03005
423,-0.158525
424,1.4858
425,-0.237525
426,0.6779
427,-0.55235
428,0.207425
429,-0.088515
430,0.6426
431,0.421185
432,-0.0145645
433,0.082235
434,0.7374
435,0.6306
436,0.5218
437,0.08134
438,0.29639
439,-0.17063
440,0.82765
441,0.0726
442,0.7171
443,-0.0234985
444,0.71165
445,-0.098965
446,-2.0396
447,0.44328
448,-0.250015
449,0.132275
450,0.72865
451,0.132275
452,0.72865
453,0.432465
454,0.835
455,0.437845
456,0.437845
457,0.437845
458,0.843
459,0.0381265
460,0.843
461,0.85105
462,0.0409985
463,0.85105
464,0.0409985
465,0.85105
466,0.448765
467,0.85915
468,0.0439215
469,0.0409985
470,-0.4576
471,-0.7917
472,-0.183935
473,-1.02835
474,-0.43836
475,-0.74075
476,-1.31205
477,-1.089
478,-0.018267
479,-0.45308
480,-1.21865
481,-1.4847
482,-1.75735
483,-0.92285
484,-0.491705
485,-1.22415
486,-1.9147
487,-0.97205
488,-0.024228
489,-0.53205
490,-0.50175
491,-0.332815
492,-0.163345
493,-0.013518
494,0.0064295
495,0.0064295
496,0.0064295
497,0.0064295
498,0.0064295
499,0.0064295
500,0.0064295
501,0.006834
502,0.17223
503,0.70625
504,1.20585
505,1.6185
506,1.7067
507,1.2361
508,0.356015
509,-0.343485
510,-0.4973
511,-0.56205
512,-1.11545
513,-0.88185
514,-0.42029
515,0.10377
516,0.58645
517,0.98455
518,1.36855
519,1.63935
520,1.32545
521,0.7607
522,-0.00294375
523,-0.69925
524,-0.96205
525,-0.904
526,-0.8138
527,-0.475075
528,-0.103555
529,-0.1399
530,-0.013263
531,0.0298465
532,0.35842
533,0.80915
534,1.22525
535,1.61815
536,1.7317
537,0.9066
538,0.264085
539,-0.18923
540,-0.699
541,-0.9829
542,-0.9402
543,-0.7741
544,-0.320975
545,-0.07676
546,-0.0016747
547,0.55395
548,0.9569
549,1.1625
550,1.5187
551,1.68235
552,1.8656
553,0.043058
554,-1.10085
555,-1.17475
556,-1.01695
557,-0.70175
558,-0.45612
559,-0.18879
560,-0.028281
561,0.0064295
562,0.0064295
563,0.0064295
564,0.0064295
565,0.0064295
566,0.0064295
567,0.0064295
568,0.0072805
569,0.351545
570,1.0217
571,1.75565
572,1.7031
573,1.97795
574,3.58635
575,1.7108
576,1.97085
577,3.48745
578,4.05
579,1.7075
580,-0.0121135
581,-0.127775
582,-0.18445
583,-0.9511
584,-1.47685
585,-1.475
586,-1.36445
587,-1.6355
588,-1.7608
589,-1.1666
590,-1.1042
591,-1.00235
592,-0.68845
593,-0.17183
594,-0.017989
595,0.0064295
596,0.0064295
597,0.0064295
598,0.0064295
599,0.0064295
600,0.0064295
